test_id,product_category,product_code_1,product_code_2
0,Bacon,139,130
1,Bacon,130,155
2,Bacon,130,172
3,Bacon,130,182
4,Bacon,201,130
5,Bacon,240,130
6,Bacon,255,130
7,Bacon,130,268
8,Bacon,130,272
9,Bacon,130,299
10,Bacon,318,130
11,Bacon,130,387
12,Bacon,130,404
13,Bacon,441,130
14,Bacon,469,130
15,Bacon,481,130
16,Bacon,503,130
17,Bacon,130,533
18,Bacon,155,139
19,Bacon,172,139
20,Bacon,139,182
21,Bacon,201,139
22,Bacon,240,139
23,Bacon,255,139
24,Bacon,268,139
25,Bacon,139,272
26,Bacon,299,139
27,Bacon,139,318
28,Bacon,139,387
29,Bacon,404,139
30,Bacon,139,441
31,Bacon,469,139
32,Bacon,481,139
33,Bacon,139,503
34,Bacon,139,533
35,Bacon,155,172
36,Bacon,182,155
37,Bacon,201,155
38,Bacon,155,240
39,Bacon,255,155
40,Bacon,268,155
41,Bacon,272,155
42,Bacon,299,155
43,Bacon,155,318
44,Bacon,387,155
45,Bacon,155,404
46,Bacon,441,155
47,Bacon,155,469
48,Bacon,155,481
49,Bacon,503,155
50,Bacon,155,533
51,Bacon,172,182
52,Bacon,172,201
53,Bacon,172,240
54,Bacon,172,255
55,Bacon,172,268
56,Bacon,272,172
57,Bacon,299,172
58,Bacon,318,172
59,Bacon,387,172
60,Bacon,404,172
61,Bacon,441,172
62,Bacon,172,469
63,Bacon,481,172
64,Bacon,503,172
65,Bacon,172,533
66,Bacon,201,182
67,Bacon,182,240
68,Bacon,255,182
69,Bacon,182,268
70,Bacon,182,272
71,Bacon,299,182
72,Bacon,318,182
73,Bacon,182,387
74,Bacon,182,404
75,Bacon,182,441
76,Bacon,182,469
77,Bacon,481,182
78,Bacon,503,182
79,Bacon,533,182
80,Bacon,201,240
81,Bacon,201,255
82,Bacon,268,201
83,Bacon,272,201
84,Bacon,299,201
85,Bacon,318,201
86,Bacon,201,387
87,Bacon,201,404
88,Bacon,201,441
89,Bacon,469,201
90,Bacon,481,201
91,Bacon,201,503
92,Bacon,201,533
93,Bacon,240,255
94,Bacon,240,268
95,Bacon,272,240
96,Bacon,240,299
97,Bacon,318,240
98,Bacon,387,240
99,Bacon,404,240
100,Bacon,441,240
101,Bacon,240,469
102,Bacon,481,240
103,Bacon,240,503
104,Bacon,240,533
105,Bacon,268,255
106,Bacon,272,255
107,Bacon,255,299
108,Bacon,318,255
109,Bacon,387,255
110,Bacon,404,255
111,Bacon,441,255
112,Bacon,255,469
113,Bacon,255,481
114,Bacon,255,503
115,Bacon,255,533
116,Bacon,268,272
117,Bacon,299,268
118,Bacon,268,318
119,Bacon,268,387
120,Bacon,268,404
121,Bacon,268,441
122,Bacon,469,268
123,Bacon,481,268
124,Bacon,503,268
125,Bacon,533,268
126,Bacon,272,299
127,Bacon,272,318
128,Bacon,387,272
129,Bacon,272,404
130,Bacon,441,272
131,Bacon,469,272
132,Bacon,481,272
133,Bacon,503,272
134,Bacon,272,533
135,Bacon,318,299
136,Bacon,299,387
137,Bacon,299,404
138,Bacon,441,299
139,Bacon,299,469
140,Bacon,299,481
141,Bacon,503,299
142,Bacon,533,299
143,Bacon,387,318
144,Bacon,404,318
145,Bacon,441,318
146,Bacon,318,469
147,Bacon,318,481
148,Bacon,503,318
149,Bacon,533,318
150,Bacon,387,404
151,Bacon,441,387
152,Bacon,469,387
153,Bacon,481,387
154,Bacon,387,503
155,Bacon,533,387
156,Bacon,404,441
157,Bacon,404,469
158,Bacon,481,404
159,Bacon,404,503
160,Bacon,533,404
161,Bacon,441,469
162,Bacon,441,481
163,Bacon,441,503
164,Bacon,533,441
165,Bacon,469,481
166,Bacon,503,469
167,Bacon,533,469
168,Bacon,503,481
169,Bacon,481,533
170,Bacon,503,533
171,Barista_Milk,176,109
172,Barista_Milk,109,177
173,Barista_Milk,178,109
174,Barista_Milk,109,179
175,Barista_Milk,213,109
176,Barista_Milk,109,217
177,Barista_Milk,224,109
178,Barista_Milk,109,232
179,Barista_Milk,320,109
180,Barista_Milk,348,109
181,Barista_Milk,375,109
182,Barista_Milk,109,381
183,Barista_Milk,109,389
184,Barista_Milk,422,109
185,Barista_Milk,109,482
186,Barista_Milk,109,484
187,Barista_Milk,109,522
188,Barista_Milk,109,547
189,Barista_Milk,551,109
190,Barista_Milk,177,176
191,Barista_Milk,176,178
192,Barista_Milk,176,179
193,Barista_Milk,176,213
194,Barista_Milk,217,176
195,Barista_Milk,224,176
196,Barista_Milk,176,232
197,Barista_Milk,176,320
198,Barista_Milk,176,348
199,Barista_Milk,176,375
200,Barista_Milk,176,381
201,Barista_Milk,389,176
202,Barista_Milk,422,176
203,Barista_Milk,176,482
204,Barista_Milk,176,484
205,Barista_Milk,522,176
206,Barista_Milk,547,176
207,Barista_Milk,176,551
208,Barista_Milk,178,177
209,Barista_Milk,179,177
210,Barista_Milk,177,213
211,Barista_Milk,177,217
212,Barista_Milk,177,224
213,Barista_Milk,232,177
214,Barista_Milk,177,320
215,Barista_Milk,348,177
216,Barista_Milk,375,177
217,Barista_Milk,177,381
218,Barista_Milk,177,389
219,Barista_Milk,177,422
220,Barista_Milk,177,482
221,Barista_Milk,177,484
222,Barista_Milk,522,177
223,Barista_Milk,547,177
224,Barista_Milk,551,177
225,Barista_Milk,179,178
226,Barista_Milk,178,213
227,Barista_Milk,217,178
228,Barista_Milk,178,224
229,Barista_Milk,178,232
230,Barista_Milk,178,320
231,Barista_Milk,178,348
232,Barista_Milk,178,375
233,Barista_Milk,381,178
234,Barista_Milk,389,178
235,Barista_Milk,178,422
236,Barista_Milk,482,178
237,Barista_Milk,484,178
238,Barista_Milk,178,522
239,Barista_Milk,547,178
240,Barista_Milk,178,551
241,Barista_Milk,179,213
242,Barista_Milk,179,217
243,Barista_Milk,224,179
244,Barista_Milk,232,179
245,Barista_Milk,179,320
246,Barista_Milk,348,179
247,Barista_Milk,179,375
248,Barista_Milk,179,381
249,Barista_Milk,179,389
250,Barista_Milk,422,179
251,Barista_Milk,482,179
252,Barista_Milk,179,484
253,Barista_Milk,522,179
254,Barista_Milk,547,179
255,Barista_Milk,179,551
256,Barista_Milk,213,217
257,Barista_Milk,213,224
258,Barista_Milk,213,232
259,Barista_Milk,320,213
260,Barista_Milk,213,348
261,Barista_Milk,213,375
262,Barista_Milk,381,213
263,Barista_Milk,213,389
264,Barista_Milk,213,422
265,Barista_Milk,213,482
266,Barista_Milk,213,484
267,Barista_Milk,213,522
268,Barista_Milk,547,213
269,Barista_Milk,551,213
270,Barista_Milk,217,224
271,Barista_Milk,217,232
272,Barista_Milk,217,320
273,Barista_Milk,217,348
274,Barista_Milk,217,375
275,Barista_Milk,217,381
276,Barista_Milk,217,389
277,Barista_Milk,217,422
278,Barista_Milk,217,482
279,Barista_Milk,217,484
280,Barista_Milk,217,522
281,Barista_Milk,547,217
282,Barista_Milk,551,217
283,Barista_Milk,232,224
284,Barista_Milk,224,320
285,Barista_Milk,348,224
286,Barista_Milk,375,224
287,Barista_Milk,224,381
288,Barista_Milk,389,224
289,Barista_Milk,224,422
290,Barista_Milk,482,224
291,Barista_Milk,484,224
292,Barista_Milk,224,522
293,Barista_Milk,547,224
294,Barista_Milk,551,224
295,Barista_Milk,232,320
296,Barista_Milk,232,348
297,Barista_Milk,375,232
298,Barista_Milk,232,381
299,Barista_Milk,389,232
300,Barista_Milk,422,232
301,Barista_Milk,232,482
302,Barista_Milk,232,484
303,Barista_Milk,232,522
304,Barista_Milk,232,547
305,Barista_Milk,232,551
306,Barista_Milk,320,348
307,Barista_Milk,375,320
308,Barista_Milk,320,381
309,Barista_Milk,389,320
310,Barista_Milk,422,320
311,Barista_Milk,482,320
312,Barista_Milk,484,320
313,Barista_Milk,320,522
314,Barista_Milk,320,547
315,Barista_Milk,320,551
316,Barista_Milk,375,348
317,Barista_Milk,381,348
318,Barista_Milk,389,348
319,Barista_Milk,422,348
320,Barista_Milk,348,482
321,Barista_Milk,348,484
322,Barista_Milk,348,522
323,Barista_Milk,547,348
324,Barista_Milk,348,551
325,Barista_Milk,375,381
326,Barista_Milk,375,389
327,Barista_Milk,375,422
328,Barista_Milk,482,375
329,Barista_Milk,484,375
330,Barista_Milk,522,375
331,Barista_Milk,375,547
332,Barista_Milk,551,375
333,Barista_Milk,389,381
334,Barista_Milk,422,381
335,Barista_Milk,482,381
336,Barista_Milk,381,484
337,Barista_Milk,381,522
338,Barista_Milk,547,381
339,Barista_Milk,551,381
340,Barista_Milk,422,389
341,Barista_Milk,482,389
342,Barista_Milk,484,389
343,Barista_Milk,522,389
344,Barista_Milk,547,389
345,Barista_Milk,389,551
346,Barista_Milk,422,482
347,Barista_Milk,484,422
348,Barista_Milk,522,422
349,Barista_Milk,422,547
350,Barista_Milk,422,551
351,Barista_Milk,482,484
352,Barista_Milk,482,522
353,Barista_Milk,547,482
354,Barista_Milk,551,482
355,Barista_Milk,484,522
356,Barista_Milk,547,484
357,Barista_Milk,484,551
358,Barista_Milk,522,547
359,Barista_Milk,522,551
360,Barista_Milk,551,547
361,Bratwurst,133,170
362,Bratwurst,173,133
363,Bratwurst,133,175
364,Bratwurst,133,190
365,Bratwurst,253,133
366,Bratwurst,133,285
367,Bratwurst,133,347
368,Bratwurst,361,133
369,Bratwurst,398,133
370,Bratwurst,417,133
371,Bratwurst,514,133
372,Bratwurst,173,170
373,Bratwurst,170,175
374,Bratwurst,190,170
375,Bratwurst,253,170
376,Bratwurst,170,285
377,Bratwurst,347,170
378,Bratwurst,170,361
379,Bratwurst,398,170
380,Bratwurst,417,170
381,Bratwurst,170,514
382,Bratwurst,173,175
383,Bratwurst,173,190
384,Bratwurst,173,253
385,Bratwurst,173,285
386,Bratwurst,347,173
387,Bratwurst,361,173
388,Bratwurst,173,398
389,Bratwurst,173,417
390,Bratwurst,173,514
391,Bratwurst,190,175
392,Bratwurst,253,175
393,Bratwurst,175,285
394,Bratwurst,347,175
395,Bratwurst,175,361
396,Bratwurst,175,398
397,Bratwurst,417,175
398,Bratwurst,175,514
399,Bratwurst,190,253
400,Bratwurst,285,190
401,Bratwurst,190,347
402,Bratwurst,190,361
403,Bratwurst,190,398
404,Bratwurst,417,190
405,Bratwurst,190,514
406,Bratwurst,285,253
407,Bratwurst,347,253
408,Bratwurst,253,361
409,Bratwurst,398,253
410,Bratwurst,417,253
411,Bratwurst,253,514
412,Bratwurst,285,347
413,Bratwurst,285,361
414,Bratwurst,285,398
415,Bratwurst,417,285
416,Bratwurst,514,285
417,Bratwurst,361,347
418,Bratwurst,347,398
419,Bratwurst,347,417
420,Bratwurst,347,514
421,Bratwurst,361,398
422,Bratwurst,417,361
423,Bratwurst,514,361
424,Bratwurst,417,398
425,Bratwurst,398,514
426,Bratwurst,514,417
427,Breaded_Chicken_Filet,100,111
428,Breaded_Chicken_Filet,119,100
429,Breaded_Chicken_Filet,156,100
430,Breaded_Chicken_Filet,394,100
431,Breaded_Chicken_Filet,100,474
432,Breaded_Chicken_Filet,100,501
433,Breaded_Chicken_Filet,502,100
434,Breaded_Chicken_Filet,506,100
435,Breaded_Chicken_Filet,100,530
436,Breaded_Chicken_Filet,544,100
437,Breaded_Chicken_Filet,111,119
438,Breaded_Chicken_Filet,111,156
439,Breaded_Chicken_Filet,394,111
440,Breaded_Chicken_Filet,474,111
441,Breaded_Chicken_Filet,111,501
442,Breaded_Chicken_Filet,502,111
443,Breaded_Chicken_Filet,506,111
444,Breaded_Chicken_Filet,111,530
445,Breaded_Chicken_Filet,111,544
446,Breaded_Chicken_Filet,119,156
447,Breaded_Chicken_Filet,119,394
448,Breaded_Chicken_Filet,474,119
449,Breaded_Chicken_Filet,501,119
450,Breaded_Chicken_Filet,119,502
451,Breaded_Chicken_Filet,119,506
452,Breaded_Chicken_Filet,530,119
453,Breaded_Chicken_Filet,119,544
454,Breaded_Chicken_Filet,394,156
455,Breaded_Chicken_Filet,474,156
456,Breaded_Chicken_Filet,501,156
457,Breaded_Chicken_Filet,502,156
458,Breaded_Chicken_Filet,506,156
459,Breaded_Chicken_Filet,530,156
460,Breaded_Chicken_Filet,544,156
461,Breaded_Chicken_Filet,394,474
462,Breaded_Chicken_Filet,394,501
463,Breaded_Chicken_Filet,394,502
464,Breaded_Chicken_Filet,394,506
465,Breaded_Chicken_Filet,530,394
466,Breaded_Chicken_Filet,544,394
467,Breaded_Chicken_Filet,474,501
468,Breaded_Chicken_Filet,502,474
469,Breaded_Chicken_Filet,474,506
470,Breaded_Chicken_Filet,530,474
471,Breaded_Chicken_Filet,474,544
472,Breaded_Chicken_Filet,502,501
473,Breaded_Chicken_Filet,501,506
474,Breaded_Chicken_Filet,501,530
475,Breaded_Chicken_Filet,501,544
476,Breaded_Chicken_Filet,506,502
477,Breaded_Chicken_Filet,502,530
478,Breaded_Chicken_Filet,502,544
479,Breaded_Chicken_Filet,506,530
480,Breaded_Chicken_Filet,506,544
481,Breaded_Chicken_Filet,530,544
482,Breakfast_Sausages,125,122
483,Breakfast_Sausages,122,142
484,Breakfast_Sausages,122,146
485,Breakfast_Sausages,122,216
486,Breakfast_Sausages,237,122
487,Breakfast_Sausages,280,122
488,Breakfast_Sausages,122,292
489,Breakfast_Sausages,122,303
490,Breakfast_Sausages,309,122
491,Breakfast_Sausages,122,396
492,Breakfast_Sausages,402,122
493,Breakfast_Sausages,405,122
494,Breakfast_Sausages,407,122
495,Breakfast_Sausages,462,122
496,Breakfast_Sausages,122,468
497,Breakfast_Sausages,488,122
498,Breakfast_Sausages,122,492
499,Breakfast_Sausages,122,542
500,Breakfast_Sausages,122,548
501,Breakfast_Sausages,122,552
502,Breakfast_Sausages,142,125
503,Breakfast_Sausages,125,146
504,Breakfast_Sausages,125,216
505,Breakfast_Sausages,237,125
506,Breakfast_Sausages,125,280
507,Breakfast_Sausages,125,292
508,Breakfast_Sausages,125,303
509,Breakfast_Sausages,125,309
510,Breakfast_Sausages,125,396
511,Breakfast_Sausages,402,125
512,Breakfast_Sausages,125,405
513,Breakfast_Sausages,125,407
514,Breakfast_Sausages,462,125
515,Breakfast_Sausages,468,125
516,Breakfast_Sausages,488,125
517,Breakfast_Sausages,125,492
518,Breakfast_Sausages,125,542
519,Breakfast_Sausages,548,125
520,Breakfast_Sausages,125,552
521,Breakfast_Sausages,146,142
522,Breakfast_Sausages,142,216
523,Breakfast_Sausages,142,237
524,Breakfast_Sausages,142,280
525,Breakfast_Sausages,292,142
526,Breakfast_Sausages,303,142
527,Breakfast_Sausages,309,142
528,Breakfast_Sausages,396,142
529,Breakfast_Sausages,142,402
530,Breakfast_Sausages,142,405
531,Breakfast_Sausages,142,407
532,Breakfast_Sausages,142,462
533,Breakfast_Sausages,142,468
534,Breakfast_Sausages,142,488
535,Breakfast_Sausages,142,492
536,Breakfast_Sausages,142,542
537,Breakfast_Sausages,548,142
538,Breakfast_Sausages,552,142
539,Breakfast_Sausages,216,146
540,Breakfast_Sausages,146,237
541,Breakfast_Sausages,146,280
542,Breakfast_Sausages,292,146
543,Breakfast_Sausages,146,303
544,Breakfast_Sausages,146,309
545,Breakfast_Sausages,396,146
546,Breakfast_Sausages,402,146
547,Breakfast_Sausages,146,405
548,Breakfast_Sausages,146,407
549,Breakfast_Sausages,146,462
550,Breakfast_Sausages,146,468
551,Breakfast_Sausages,146,488
552,Breakfast_Sausages,146,492
553,Breakfast_Sausages,146,542
554,Breakfast_Sausages,146,548
555,Breakfast_Sausages,552,146
556,Breakfast_Sausages,237,216
557,Breakfast_Sausages,280,216
558,Breakfast_Sausages,216,292
559,Breakfast_Sausages,216,303
560,Breakfast_Sausages,216,309
561,Breakfast_Sausages,396,216
562,Breakfast_Sausages,402,216
563,Breakfast_Sausages,405,216
564,Breakfast_Sausages,407,216
565,Breakfast_Sausages,216,462
566,Breakfast_Sausages,468,216
567,Breakfast_Sausages,488,216
568,Breakfast_Sausages,216,492
569,Breakfast_Sausages,542,216
570,Breakfast_Sausages,216,548
571,Breakfast_Sausages,216,552
572,Breakfast_Sausages,280,237
573,Breakfast_Sausages,237,292
574,Breakfast_Sausages,237,303
575,Breakfast_Sausages,237,309
576,Breakfast_Sausages,396,237
577,Breakfast_Sausages,237,402
578,Breakfast_Sausages,405,237
579,Breakfast_Sausages,407,237
580,Breakfast_Sausages,462,237
581,Breakfast_Sausages,237,468
582,Breakfast_Sausages,488,237
583,Breakfast_Sausages,492,237
584,Breakfast_Sausages,237,542
585,Breakfast_Sausages,548,237
586,Breakfast_Sausages,552,237
587,Breakfast_Sausages,292,280
588,Breakfast_Sausages,303,280
589,Breakfast_Sausages,309,280
590,Breakfast_Sausages,396,280
591,Breakfast_Sausages,280,402
592,Breakfast_Sausages,405,280
593,Breakfast_Sausages,407,280
594,Breakfast_Sausages,280,462
595,Breakfast_Sausages,468,280
596,Breakfast_Sausages,280,488
597,Breakfast_Sausages,492,280
598,Breakfast_Sausages,542,280
599,Breakfast_Sausages,548,280
600,Breakfast_Sausages,552,280
601,Breakfast_Sausages,303,292
602,Breakfast_Sausages,309,292
603,Breakfast_Sausages,396,292
604,Breakfast_Sausages,402,292
605,Breakfast_Sausages,405,292
606,Breakfast_Sausages,407,292
607,Breakfast_Sausages,462,292
608,Breakfast_Sausages,292,468
609,Breakfast_Sausages,292,488
610,Breakfast_Sausages,492,292
611,Breakfast_Sausages,292,542
612,Breakfast_Sausages,292,548
613,Breakfast_Sausages,552,292
614,Breakfast_Sausages,303,309
615,Breakfast_Sausages,303,396
616,Breakfast_Sausages,402,303
617,Breakfast_Sausages,405,303
618,Breakfast_Sausages,303,407
619,Breakfast_Sausages,303,462
620,Breakfast_Sausages,468,303
621,Breakfast_Sausages,488,303
622,Breakfast_Sausages,492,303
623,Breakfast_Sausages,542,303
624,Breakfast_Sausages,303,548
625,Breakfast_Sausages,552,303
626,Breakfast_Sausages,396,309
627,Breakfast_Sausages,309,402
628,Breakfast_Sausages,405,309
629,Breakfast_Sausages,407,309
630,Breakfast_Sausages,309,462
631,Breakfast_Sausages,309,468
632,Breakfast_Sausages,309,488
633,Breakfast_Sausages,309,492
634,Breakfast_Sausages,542,309
635,Breakfast_Sausages,548,309
636,Breakfast_Sausages,309,552
637,Breakfast_Sausages,402,396
638,Breakfast_Sausages,405,396
639,Breakfast_Sausages,407,396
640,Breakfast_Sausages,462,396
641,Breakfast_Sausages,468,396
642,Breakfast_Sausages,488,396
643,Breakfast_Sausages,492,396
644,Breakfast_Sausages,542,396
645,Breakfast_Sausages,396,548
646,Breakfast_Sausages,396,552
647,Breakfast_Sausages,402,405
648,Breakfast_Sausages,402,407
649,Breakfast_Sausages,462,402
650,Breakfast_Sausages,468,402
651,Breakfast_Sausages,402,488
652,Breakfast_Sausages,402,492
653,Breakfast_Sausages,402,542
654,Breakfast_Sausages,548,402
655,Breakfast_Sausages,552,402
656,Breakfast_Sausages,407,405
657,Breakfast_Sausages,462,405
658,Breakfast_Sausages,405,468
659,Breakfast_Sausages,405,488
660,Breakfast_Sausages,492,405
661,Breakfast_Sausages,405,542
662,Breakfast_Sausages,405,548
663,Breakfast_Sausages,552,405
664,Breakfast_Sausages,462,407
665,Breakfast_Sausages,468,407
666,Breakfast_Sausages,488,407
667,Breakfast_Sausages,492,407
668,Breakfast_Sausages,542,407
669,Breakfast_Sausages,548,407
670,Breakfast_Sausages,552,407
671,Breakfast_Sausages,462,468
672,Breakfast_Sausages,488,462
673,Breakfast_Sausages,462,492
674,Breakfast_Sausages,542,462
675,Breakfast_Sausages,462,548
676,Breakfast_Sausages,552,462
677,Breakfast_Sausages,488,468
678,Breakfast_Sausages,468,492
679,Breakfast_Sausages,468,542
680,Breakfast_Sausages,468,548
681,Breakfast_Sausages,552,468
682,Breakfast_Sausages,492,488
683,Breakfast_Sausages,488,542
684,Breakfast_Sausages,488,548
685,Breakfast_Sausages,488,552
686,Breakfast_Sausages,492,542
687,Breakfast_Sausages,548,492
688,Breakfast_Sausages,492,552
689,Breakfast_Sausages,548,542
690,Breakfast_Sausages,552,542
691,Breakfast_Sausages,552,548
692,Burgers,117,124
693,Burgers,131,117
694,Burgers,157,117
695,Burgers,117,166
696,Burgers,184,117
697,Burgers,117,193
698,Burgers,194,117
699,Burgers,204,117
700,Burgers,117,226
701,Burgers,254,117
702,Burgers,339,117
703,Burgers,414,117
704,Burgers,420,117
705,Burgers,117,458
706,Burgers,478,117
707,Burgers,117,490
708,Burgers,498,117
709,Burgers,117,505
710,Burgers,117,510
711,Burgers,117,550
712,Burgers,131,124
713,Burgers,157,124
714,Burgers,166,124
715,Burgers,124,184
716,Burgers,124,193
717,Burgers,124,194
718,Burgers,204,124
719,Burgers,124,226
720,Burgers,124,254
721,Burgers,339,124
722,Burgers,414,124
723,Burgers,124,420
724,Burgers,124,458
725,Burgers,124,478
726,Burgers,490,124
727,Burgers,124,498
728,Burgers,505,124
729,Burgers,510,124
730,Burgers,550,124
731,Burgers,131,157
732,Burgers,131,166
733,Burgers,131,184
734,Burgers,193,131
735,Burgers,131,194
736,Burgers,204,131
737,Burgers,131,226
738,Burgers,254,131
739,Burgers,339,131
740,Burgers,414,131
741,Burgers,420,131
742,Burgers,131,458
743,Burgers,131,478
744,Burgers,490,131
745,Burgers,131,498
746,Burgers,505,131
747,Burgers,131,510
748,Burgers,131,550
749,Burgers,157,166
750,Burgers,184,157
751,Burgers,157,193
752,Burgers,157,194
753,Burgers,204,157
754,Burgers,226,157
755,Burgers,157,254
756,Burgers,157,339
757,Burgers,157,414
758,Burgers,157,420
759,Burgers,157,458
760,Burgers,478,157
761,Burgers,490,157
762,Burgers,498,157
763,Burgers,157,505
764,Burgers,510,157
765,Burgers,157,550
766,Burgers,166,184
767,Burgers,166,193
768,Burgers,194,166
769,Burgers,166,204
770,Burgers,226,166
771,Burgers,166,254
772,Burgers,339,166
773,Burgers,414,166
774,Burgers,166,420
775,Burgers,458,166
776,Burgers,478,166
777,Burgers,166,490
778,Burgers,166,498
779,Burgers,166,505
780,Burgers,166,510
781,Burgers,166,550
782,Burgers,193,184
783,Burgers,194,184
784,Burgers,204,184
785,Burgers,184,226
786,Burgers,184,254
787,Burgers,339,184
788,Burgers,414,184
789,Burgers,184,420
790,Burgers,458,184
791,Burgers,184,478
792,Burgers,184,490
793,Burgers,184,498
794,Burgers,505,184
795,Burgers,184,510
796,Burgers,184,550
797,Burgers,193,194
798,Burgers,193,204
799,Burgers,193,226
800,Burgers,193,254
801,Burgers,339,193
802,Burgers,193,414
803,Burgers,193,420
804,Burgers,458,193
805,Burgers,193,478
806,Burgers,193,490
807,Burgers,193,498
808,Burgers,505,193
809,Burgers,510,193
810,Burgers,193,550
811,Burgers,194,204
812,Burgers,226,194
813,Burgers,194,254
814,Burgers,194,339
815,Burgers,194,414
816,Burgers,194,420
817,Burgers,458,194
818,Burgers,478,194
819,Burgers,490,194
820,Burgers,194,498
821,Burgers,505,194
822,Burgers,510,194
823,Burgers,550,194
824,Burgers,204,226
825,Burgers,204,254
826,Burgers,339,204
827,Burgers,414,204
828,Burgers,204,420
829,Burgers,458,204
830,Burgers,478,204
831,Burgers,490,204
832,Burgers,498,204
833,Burgers,505,204
834,Burgers,510,204
835,Burgers,550,204
836,Burgers,226,254
837,Burgers,339,226
838,Burgers,226,414
839,Burgers,226,420
840,Burgers,458,226
841,Burgers,226,478
842,Burgers,490,226
843,Burgers,226,498
844,Burgers,505,226
845,Burgers,510,226
846,Burgers,550,226
847,Burgers,254,339
848,Burgers,254,414
849,Burgers,254,420
850,Burgers,458,254
851,Burgers,254,478
852,Burgers,490,254
853,Burgers,254,498
854,Burgers,505,254
855,Burgers,510,254
856,Burgers,550,254
857,Burgers,414,339
858,Burgers,339,420
859,Burgers,458,339
860,Burgers,339,478
861,Burgers,490,339
862,Burgers,339,498
863,Burgers,505,339
864,Burgers,510,339
865,Burgers,339,550
866,Burgers,420,414
867,Burgers,458,414
868,Burgers,414,478
869,Burgers,414,490
870,Burgers,498,414
871,Burgers,505,414
872,Burgers,414,510
873,Burgers,550,414
874,Burgers,458,420
875,Burgers,478,420
876,Burgers,420,490
877,Burgers,420,498
878,Burgers,505,420
879,Burgers,510,420
880,Burgers,550,420
881,Burgers,458,478
882,Burgers,490,458
883,Burgers,498,458
884,Burgers,458,505
885,Burgers,510,458
886,Burgers,458,550
887,Burgers,490,478
888,Burgers,498,478
889,Burgers,505,478
890,Burgers,478,510
891,Burgers,478,550
892,Burgers,490,498
893,Burgers,505,490
894,Burgers,490,510
895,Burgers,550,490
896,Burgers,505,498
897,Burgers,498,510
898,Burgers,550,498
899,Burgers,510,505
900,Burgers,550,505
901,Burgers,550,510
902,Butter,105,103
903,Butter,103,116
904,Butter,118,103
905,Butter,103,129
906,Butter,103,145
907,Butter,160,103
908,Butter,163,103
909,Butter,210,103
910,Butter,103,231
911,Butter,276,103
912,Butter,103,281
913,Butter,368,103
914,Butter,103,390
915,Butter,454,103
916,Butter,465,103
917,Butter,103,494
918,Butter,103,523
919,Butter,526,103
920,Butter,103,531
921,Butter,538,103
922,Butter,105,116
923,Butter,105,118
924,Butter,129,105
925,Butter,145,105
926,Butter,160,105
927,Butter,105,163
928,Butter,105,210
929,Butter,231,105
930,Butter,276,105
931,Butter,105,281
932,Butter,105,368
933,Butter,105,390
934,Butter,454,105
935,Butter,465,105
936,Butter,494,105
937,Butter,105,523
938,Butter,526,105
939,Butter,105,531
940,Butter,538,105
941,Butter,116,118
942,Butter,116,129
943,Butter,116,145
944,Butter,160,116
945,Butter,163,116
946,Butter,210,116
947,Butter,116,231
948,Butter,116,276
949,Butter,116,281
950,Butter,116,368
951,Butter,116,390
952,Butter,454,116
953,Butter,116,465
954,Butter,494,116
955,Butter,523,116
956,Butter,116,526
957,Butter,531,116
958,Butter,538,116
959,Butter,118,129
960,Butter,145,118
961,Butter,118,160
962,Butter,163,118
963,Butter,210,118
964,Butter,231,118
965,Butter,276,118
966,Butter,118,281
967,Butter,368,118
968,Butter,118,390
969,Butter,454,118
970,Butter,118,465
971,Butter,118,494
972,Butter,118,523
973,Butter,526,118
974,Butter,531,118
975,Butter,538,118
976,Butter,129,145
977,Butter,160,129
978,Butter,163,129
979,Butter,129,210
980,Butter,231,129
981,Butter,129,276
982,Butter,281,129
983,Butter,368,129
984,Butter,129,390
985,Butter,454,129
986,Butter,129,465
987,Butter,494,129
988,Butter,523,129
989,Butter,129,526
990,Butter,129,531
991,Butter,129,538
992,Butter,160,145
993,Butter,145,163
994,Butter,210,145
995,Butter,231,145
996,Butter,145,276
997,Butter,281,145
998,Butter,145,368
999,Butter,390,145
1000,Butter,454,145
1001,Butter,145,465
1002,Butter,145,494
1003,Butter,145,523
1004,Butter,145,526
1005,Butter,145,531
1006,Butter,145,538
1007,Butter,160,163
1008,Butter,210,160
1009,Butter,231,160
1010,Butter,276,160
1011,Butter,160,281
1012,Butter,160,368
1013,Butter,390,160
1014,Butter,160,454
1015,Butter,160,465
1016,Butter,494,160
1017,Butter,160,523
1018,Butter,160,526
1019,Butter,531,160
1020,Butter,160,538
1021,Butter,210,163
1022,Butter,163,231
1023,Butter,163,276
1024,Butter,163,281
1025,Butter,368,163
1026,Butter,163,390
1027,Butter,163,454
1028,Butter,465,163
1029,Butter,163,494
1030,Butter,523,163
1031,Butter,163,526
1032,Butter,531,163
1033,Butter,538,163
1034,Butter,231,210
1035,Butter,210,276
1036,Butter,281,210
1037,Butter,210,368
1038,Butter,390,210
1039,Butter,454,210
1040,Butter,210,465
1041,Butter,210,494
1042,Butter,523,210
1043,Butter,210,526
1044,Butter,210,531
1045,Butter,210,538
1046,Butter,276,231
1047,Butter,281,231
1048,Butter,231,368
1049,Butter,390,231
1050,Butter,231,454
1051,Butter,231,465
1052,Butter,231,494
1053,Butter,231,523
1054,Butter,231,526
1055,Butter,531,231
1056,Butter,231,538
1057,Butter,281,276
1058,Butter,368,276
1059,Butter,276,390
1060,Butter,276,454
1061,Butter,276,465
1062,Butter,276,494
1063,Butter,523,276
1064,Butter,526,276
1065,Butter,276,531
1066,Butter,538,276
1067,Butter,368,281
1068,Butter,390,281
1069,Butter,454,281
1070,Butter,465,281
1071,Butter,494,281
1072,Butter,523,281
1073,Butter,526,281
1074,Butter,281,531
1075,Butter,538,281
1076,Butter,390,368
1077,Butter,368,454
1078,Butter,465,368
1079,Butter,368,494
1080,Butter,368,523
1081,Butter,526,368
1082,Butter,531,368
1083,Butter,368,538
1084,Butter,390,454
1085,Butter,465,390
1086,Butter,390,494
1087,Butter,523,390
1088,Butter,390,526
1089,Butter,531,390
1090,Butter,390,538
1091,Butter,454,465
1092,Butter,454,494
1093,Butter,454,523
1094,Butter,526,454
1095,Butter,531,454
1096,Butter,538,454
1097,Butter,494,465
1098,Butter,465,523
1099,Butter,526,465
1100,Butter,531,465
1101,Butter,465,538
1102,Butter,494,523
1103,Butter,494,526
1104,Butter,494,531
1105,Butter,538,494
1106,Butter,526,523
1107,Butter,523,531
1108,Butter,523,538
1109,Butter,531,526
1110,Butter,526,538
1111,Butter,538,531
1112,Cheddar_Cheese,126,107
1113,Cheddar_Cheese,107,208
1114,Cheddar_Cheese,107,214
1115,Cheddar_Cheese,107,218
1116,Cheddar_Cheese,241,107
1117,Cheddar_Cheese,107,248
1118,Cheddar_Cheese,257,107
1119,Cheddar_Cheese,275,107
1120,Cheddar_Cheese,107,295
1121,Cheddar_Cheese,107,296
1122,Cheddar_Cheese,107,334
1123,Cheddar_Cheese,107,345
1124,Cheddar_Cheese,107,449
1125,Cheddar_Cheese,107,508
1126,Cheddar_Cheese,516,107
1127,Cheddar_Cheese,527,107
1128,Cheddar_Cheese,208,126
1129,Cheddar_Cheese,214,126
1130,Cheddar_Cheese,126,218
1131,Cheddar_Cheese,241,126
1132,Cheddar_Cheese,248,126
1133,Cheddar_Cheese,257,126
1134,Cheddar_Cheese,126,275
1135,Cheddar_Cheese,295,126
1136,Cheddar_Cheese,126,296
1137,Cheddar_Cheese,334,126
1138,Cheddar_Cheese,345,126
1139,Cheddar_Cheese,126,449
1140,Cheddar_Cheese,126,508
1141,Cheddar_Cheese,516,126
1142,Cheddar_Cheese,126,527
1143,Cheddar_Cheese,208,214
1144,Cheddar_Cheese,218,208
1145,Cheddar_Cheese,208,241
1146,Cheddar_Cheese,208,248
1147,Cheddar_Cheese,208,257
1148,Cheddar_Cheese,208,275
1149,Cheddar_Cheese,208,295
1150,Cheddar_Cheese,208,296
1151,Cheddar_Cheese,208,334
1152,Cheddar_Cheese,208,345
1153,Cheddar_Cheese,208,449
1154,Cheddar_Cheese,208,508
1155,Cheddar_Cheese,208,516
1156,Cheddar_Cheese,527,208
1157,Cheddar_Cheese,214,218
1158,Cheddar_Cheese,214,241
1159,Cheddar_Cheese,248,214
1160,Cheddar_Cheese,214,257
1161,Cheddar_Cheese,275,214
1162,Cheddar_Cheese,295,214
1163,Cheddar_Cheese,214,296
1164,Cheddar_Cheese,334,214
1165,Cheddar_Cheese,214,345
1166,Cheddar_Cheese,214,449
1167,Cheddar_Cheese,214,508
1168,Cheddar_Cheese,516,214
1169,Cheddar_Cheese,527,214
1170,Cheddar_Cheese,218,241
1171,Cheddar_Cheese,218,248
1172,Cheddar_Cheese,218,257
1173,Cheddar_Cheese,275,218
1174,Cheddar_Cheese,218,295
1175,Cheddar_Cheese,218,296
1176,Cheddar_Cheese,218,334
1177,Cheddar_Cheese,345,218
1178,Cheddar_Cheese,218,449
1179,Cheddar_Cheese,218,508
1180,Cheddar_Cheese,218,516
1181,Cheddar_Cheese,527,218
1182,Cheddar_Cheese,241,248
1183,Cheddar_Cheese,241,257
1184,Cheddar_Cheese,275,241
1185,Cheddar_Cheese,241,295
1186,Cheddar_Cheese,241,296
1187,Cheddar_Cheese,334,241
1188,Cheddar_Cheese,345,241
1189,Cheddar_Cheese,241,449
1190,Cheddar_Cheese,508,241
1191,Cheddar_Cheese,241,516
1192,Cheddar_Cheese,527,241
1193,Cheddar_Cheese,248,257
1194,Cheddar_Cheese,275,248
1195,Cheddar_Cheese,248,295
1196,Cheddar_Cheese,248,296
1197,Cheddar_Cheese,248,334
1198,Cheddar_Cheese,248,345
1199,Cheddar_Cheese,449,248
1200,Cheddar_Cheese,248,508
1201,Cheddar_Cheese,516,248
1202,Cheddar_Cheese,527,248
1203,Cheddar_Cheese,275,257
1204,Cheddar_Cheese,295,257
1205,Cheddar_Cheese,257,296
1206,Cheddar_Cheese,257,334
1207,Cheddar_Cheese,345,257
1208,Cheddar_Cheese,449,257
1209,Cheddar_Cheese,257,508
1210,Cheddar_Cheese,516,257
1211,Cheddar_Cheese,527,257
1212,Cheddar_Cheese,295,275
1213,Cheddar_Cheese,275,296
1214,Cheddar_Cheese,275,334
1215,Cheddar_Cheese,345,275
1216,Cheddar_Cheese,449,275
1217,Cheddar_Cheese,275,508
1218,Cheddar_Cheese,275,516
1219,Cheddar_Cheese,527,275
1220,Cheddar_Cheese,295,296
1221,Cheddar_Cheese,334,295
1222,Cheddar_Cheese,345,295
1223,Cheddar_Cheese,295,449
1224,Cheddar_Cheese,508,295
1225,Cheddar_Cheese,295,516
1226,Cheddar_Cheese,527,295
1227,Cheddar_Cheese,334,296
1228,Cheddar_Cheese,296,345
1229,Cheddar_Cheese,449,296
1230,Cheddar_Cheese,296,508
1231,Cheddar_Cheese,516,296
1232,Cheddar_Cheese,527,296
1233,Cheddar_Cheese,345,334
1234,Cheddar_Cheese,334,449
1235,Cheddar_Cheese,508,334
1236,Cheddar_Cheese,334,516
1237,Cheddar_Cheese,527,334
1238,Cheddar_Cheese,345,449
1239,Cheddar_Cheese,508,345
1240,Cheddar_Cheese,345,516
1241,Cheddar_Cheese,345,527
1242,Cheddar_Cheese,449,508
1243,Cheddar_Cheese,449,516
1244,Cheddar_Cheese,449,527
1245,Cheddar_Cheese,508,516
1246,Cheddar_Cheese,527,508
1247,Cheddar_Cheese,527,516
1248,Chicken_Strips,174,183
1249,Chicken_Strips,174,209
1250,Chicken_Strips,174,219
1251,Chicken_Strips,245,174
1252,Chicken_Strips,252,174
1253,Chicken_Strips,265,174
1254,Chicken_Strips,174,273
1255,Chicken_Strips,304,174
1256,Chicken_Strips,331,174
1257,Chicken_Strips,338,174
1258,Chicken_Strips,355,174
1259,Chicken_Strips,174,384
1260,Chicken_Strips,412,174
1261,Chicken_Strips,174,418
1262,Chicken_Strips,423,174
1263,Chicken_Strips,432,174
1264,Chicken_Strips,435,174
1265,Chicken_Strips,436,174
1266,Chicken_Strips,477,174
1267,Chicken_Strips,517,174
1268,Chicken_Strips,183,209
1269,Chicken_Strips,219,183
1270,Chicken_Strips,183,245
1271,Chicken_Strips,183,252
1272,Chicken_Strips,183,265
1273,Chicken_Strips,273,183
1274,Chicken_Strips,304,183
1275,Chicken_Strips,331,183
1276,Chicken_Strips,338,183
1277,Chicken_Strips,183,355
1278,Chicken_Strips,384,183
1279,Chicken_Strips,412,183
1280,Chicken_Strips,183,418
1281,Chicken_Strips,183,423
1282,Chicken_Strips,183,432
1283,Chicken_Strips,435,183
1284,Chicken_Strips,436,183
1285,Chicken_Strips,183,477
1286,Chicken_Strips,517,183
1287,Chicken_Strips,219,209
1288,Chicken_Strips,245,209
1289,Chicken_Strips,252,209
1290,Chicken_Strips,265,209
1291,Chicken_Strips,273,209
1292,Chicken_Strips,209,304
1293,Chicken_Strips,209,331
1294,Chicken_Strips,209,338
1295,Chicken_Strips,355,209
1296,Chicken_Strips,384,209
1297,Chicken_Strips,412,209
1298,Chicken_Strips,209,418
1299,Chicken_Strips,209,423
1300,Chicken_Strips,432,209
1301,Chicken_Strips,209,435
1302,Chicken_Strips,436,209
1303,Chicken_Strips,209,477
1304,Chicken_Strips,209,517
1305,Chicken_Strips,219,245
1306,Chicken_Strips,219,252
1307,Chicken_Strips,219,265
1308,Chicken_Strips,273,219
1309,Chicken_Strips,219,304
1310,Chicken_Strips,331,219
1311,Chicken_Strips,219,338
1312,Chicken_Strips,219,355
1313,Chicken_Strips,219,384
1314,Chicken_Strips,412,219
1315,Chicken_Strips,219,418
1316,Chicken_Strips,219,423
1317,Chicken_Strips,219,432
1318,Chicken_Strips,435,219
1319,Chicken_Strips,436,219
1320,Chicken_Strips,477,219
1321,Chicken_Strips,517,219
1322,Chicken_Strips,245,252
1323,Chicken_Strips,265,245
1324,Chicken_Strips,245,273
1325,Chicken_Strips,304,245
1326,Chicken_Strips,331,245
1327,Chicken_Strips,245,338
1328,Chicken_Strips,245,355
1329,Chicken_Strips,384,245
1330,Chicken_Strips,245,412
1331,Chicken_Strips,245,418
1332,Chicken_Strips,423,245
1333,Chicken_Strips,245,432
1334,Chicken_Strips,245,435
1335,Chicken_Strips,245,436
1336,Chicken_Strips,477,245
1337,Chicken_Strips,245,517
1338,Chicken_Strips,265,252
1339,Chicken_Strips,273,252
1340,Chicken_Strips,304,252
1341,Chicken_Strips,331,252
1342,Chicken_Strips,252,338
1343,Chicken_Strips,252,355
1344,Chicken_Strips,252,384
1345,Chicken_Strips,412,252
1346,Chicken_Strips,418,252
1347,Chicken_Strips,423,252
1348,Chicken_Strips,252,432
1349,Chicken_Strips,435,252
1350,Chicken_Strips,252,436
1351,Chicken_Strips,252,477
1352,Chicken_Strips,517,252
1353,Chicken_Strips,265,273
1354,Chicken_Strips,304,265
1355,Chicken_Strips,265,331
1356,Chicken_Strips,265,338
1357,Chicken_Strips,355,265
1358,Chicken_Strips,384,265
1359,Chicken_Strips,265,412
1360,Chicken_Strips,265,418
1361,Chicken_Strips,423,265
1362,Chicken_Strips,265,432
1363,Chicken_Strips,265,435
1364,Chicken_Strips,265,436
1365,Chicken_Strips,477,265
1366,Chicken_Strips,265,517
1367,Chicken_Strips,273,304
1368,Chicken_Strips,331,273
1369,Chicken_Strips,338,273
1370,Chicken_Strips,273,355
1371,Chicken_Strips,384,273
1372,Chicken_Strips,273,412
1373,Chicken_Strips,418,273
1374,Chicken_Strips,423,273
1375,Chicken_Strips,273,432
1376,Chicken_Strips,435,273
1377,Chicken_Strips,273,436
1378,Chicken_Strips,477,273
1379,Chicken_Strips,273,517
1380,Chicken_Strips,331,304
1381,Chicken_Strips,338,304
1382,Chicken_Strips,304,355
1383,Chicken_Strips,384,304
1384,Chicken_Strips,304,412
1385,Chicken_Strips,418,304
1386,Chicken_Strips,304,423
1387,Chicken_Strips,432,304
1388,Chicken_Strips,304,435
1389,Chicken_Strips,436,304
1390,Chicken_Strips,477,304
1391,Chicken_Strips,517,304
1392,Chicken_Strips,338,331
1393,Chicken_Strips,331,355
1394,Chicken_Strips,384,331
1395,Chicken_Strips,331,412
1396,Chicken_Strips,418,331
1397,Chicken_Strips,423,331
1398,Chicken_Strips,331,432
1399,Chicken_Strips,331,435
1400,Chicken_Strips,436,331
1401,Chicken_Strips,477,331
1402,Chicken_Strips,517,331
1403,Chicken_Strips,338,355
1404,Chicken_Strips,338,384
1405,Chicken_Strips,412,338
1406,Chicken_Strips,338,418
1407,Chicken_Strips,338,423
1408,Chicken_Strips,338,432
1409,Chicken_Strips,338,435
1410,Chicken_Strips,436,338
1411,Chicken_Strips,477,338
1412,Chicken_Strips,517,338
1413,Chicken_Strips,384,355
1414,Chicken_Strips,355,412
1415,Chicken_Strips,355,418
1416,Chicken_Strips,423,355
1417,Chicken_Strips,432,355
1418,Chicken_Strips,435,355
1419,Chicken_Strips,355,436
1420,Chicken_Strips,477,355
1421,Chicken_Strips,355,517
1422,Chicken_Strips,412,384
1423,Chicken_Strips,418,384
1424,Chicken_Strips,384,423
1425,Chicken_Strips,384,432
1426,Chicken_Strips,435,384
1427,Chicken_Strips,384,436
1428,Chicken_Strips,384,477
1429,Chicken_Strips,384,517
1430,Chicken_Strips,418,412
1431,Chicken_Strips,412,423
1432,Chicken_Strips,432,412
1433,Chicken_Strips,412,435
1434,Chicken_Strips,436,412
1435,Chicken_Strips,477,412
1436,Chicken_Strips,517,412
1437,Chicken_Strips,418,423
1438,Chicken_Strips,432,418
1439,Chicken_Strips,418,435
1440,Chicken_Strips,418,436
1441,Chicken_Strips,477,418
1442,Chicken_Strips,418,517
1443,Chicken_Strips,432,423
1444,Chicken_Strips,423,435
1445,Chicken_Strips,436,423
1446,Chicken_Strips,423,477
1447,Chicken_Strips,423,517
1448,Chicken_Strips,432,435
1449,Chicken_Strips,432,436
1450,Chicken_Strips,477,432
1451,Chicken_Strips,432,517
1452,Chicken_Strips,435,436
1453,Chicken_Strips,435,477
1454,Chicken_Strips,517,435
1455,Chicken_Strips,436,477
1456,Chicken_Strips,436,517
1457,Chicken_Strips,477,517
1458,Cream_Cheese,136,106
1459,Cream_Cheese,106,159
1460,Cream_Cheese,211,106
1461,Cream_Cheese,106,239
1462,Cream_Cheese,258,106
1463,Cream_Cheese,106,293
1464,Cream_Cheese,106,308
1465,Cream_Cheese,310,106
1466,Cream_Cheese,106,311
1467,Cream_Cheese,353,106
1468,Cream_Cheese,106,371
1469,Cream_Cheese,106,378
1470,Cream_Cheese,106,416
1471,Cream_Cheese,106,424
1472,Cream_Cheese,106,434
1473,Cream_Cheese,453,106
1474,Cream_Cheese,461,106
1475,Cream_Cheese,106,483
1476,Cream_Cheese,106,500
1477,Cream_Cheese,106,545
1478,Cream_Cheese,136,159
1479,Cream_Cheese,211,136
1480,Cream_Cheese,136,239
1481,Cream_Cheese,258,136
1482,Cream_Cheese,136,293
1483,Cream_Cheese,308,136
1484,Cream_Cheese,310,136
1485,Cream_Cheese,311,136
1486,Cream_Cheese,353,136
1487,Cream_Cheese,136,371
1488,Cream_Cheese,378,136
1489,Cream_Cheese,416,136
1490,Cream_Cheese,424,136
1491,Cream_Cheese,434,136
1492,Cream_Cheese,453,136
1493,Cream_Cheese,461,136
1494,Cream_Cheese,136,483
1495,Cream_Cheese,136,500
1496,Cream_Cheese,136,545
1497,Cream_Cheese,211,159
1498,Cream_Cheese,239,159
1499,Cream_Cheese,159,258
1500,Cream_Cheese,159,293
1501,Cream_Cheese,308,159
1502,Cream_Cheese,310,159
1503,Cream_Cheese,311,159
1504,Cream_Cheese,353,159
1505,Cream_Cheese,371,159
1506,Cream_Cheese,159,378
1507,Cream_Cheese,159,416
1508,Cream_Cheese,159,424
1509,Cream_Cheese,159,434
1510,Cream_Cheese,159,453
1511,Cream_Cheese,159,461
1512,Cream_Cheese,159,483
1513,Cream_Cheese,500,159
1514,Cream_Cheese,545,159
1515,Cream_Cheese,239,211
1516,Cream_Cheese,211,258
1517,Cream_Cheese,211,293
1518,Cream_Cheese,308,211
1519,Cream_Cheese,211,310
1520,Cream_Cheese,311,211
1521,Cream_Cheese,211,353
1522,Cream_Cheese,371,211
1523,Cream_Cheese,378,211
1524,Cream_Cheese,416,211
1525,Cream_Cheese,424,211
1526,Cream_Cheese,434,211
1527,Cream_Cheese,453,211
1528,Cream_Cheese,211,461
1529,Cream_Cheese,211,483
1530,Cream_Cheese,500,211
1531,Cream_Cheese,211,545
1532,Cream_Cheese,239,258
1533,Cream_Cheese,293,239
1534,Cream_Cheese,308,239
1535,Cream_Cheese,310,239
1536,Cream_Cheese,311,239
1537,Cream_Cheese,239,353
1538,Cream_Cheese,371,239
1539,Cream_Cheese,239,378
1540,Cream_Cheese,239,416
1541,Cream_Cheese,424,239
1542,Cream_Cheese,239,434
1543,Cream_Cheese,453,239
1544,Cream_Cheese,239,461
1545,Cream_Cheese,483,239
1546,Cream_Cheese,239,500
1547,Cream_Cheese,239,545
1548,Cream_Cheese,293,258
1549,Cream_Cheese,258,308
1550,Cream_Cheese,258,310
1551,Cream_Cheese,258,311
1552,Cream_Cheese,258,353
1553,Cream_Cheese,258,371
1554,Cream_Cheese,378,258
1555,Cream_Cheese,416,258
1556,Cream_Cheese,258,424
1557,Cream_Cheese,434,258
1558,Cream_Cheese,258,453
1559,Cream_Cheese,258,461
1560,Cream_Cheese,483,258
1561,Cream_Cheese,500,258
1562,Cream_Cheese,258,545
1563,Cream_Cheese,308,293
1564,Cream_Cheese,293,310
1565,Cream_Cheese,311,293
1566,Cream_Cheese,293,353
1567,Cream_Cheese,371,293
1568,Cream_Cheese,293,378
1569,Cream_Cheese,416,293
1570,Cream_Cheese,293,424
1571,Cream_Cheese,434,293
1572,Cream_Cheese,293,453
1573,Cream_Cheese,293,461
1574,Cream_Cheese,483,293
1575,Cream_Cheese,500,293
1576,Cream_Cheese,545,293
1577,Cream_Cheese,308,310
1578,Cream_Cheese,308,311
1579,Cream_Cheese,308,353
1580,Cream_Cheese,371,308
1581,Cream_Cheese,378,308
1582,Cream_Cheese,308,416
1583,Cream_Cheese,424,308
1584,Cream_Cheese,308,434
1585,Cream_Cheese,453,308
1586,Cream_Cheese,308,461
1587,Cream_Cheese,483,308
1588,Cream_Cheese,500,308
1589,Cream_Cheese,308,545
1590,Cream_Cheese,310,311
1591,Cream_Cheese,310,353
1592,Cream_Cheese,371,310
1593,Cream_Cheese,378,310
1594,Cream_Cheese,310,416
1595,Cream_Cheese,310,424
1596,Cream_Cheese,434,310
1597,Cream_Cheese,453,310
1598,Cream_Cheese,461,310
1599,Cream_Cheese,310,483
1600,Cream_Cheese,500,310
1601,Cream_Cheese,545,310
1602,Cream_Cheese,353,311
1603,Cream_Cheese,371,311
1604,Cream_Cheese,378,311
1605,Cream_Cheese,311,416
1606,Cream_Cheese,424,311
1607,Cream_Cheese,311,434
1608,Cream_Cheese,453,311
1609,Cream_Cheese,311,461
1610,Cream_Cheese,311,483
1611,Cream_Cheese,311,500
1612,Cream_Cheese,311,545
1613,Cream_Cheese,371,353
1614,Cream_Cheese,378,353
1615,Cream_Cheese,353,416
1616,Cream_Cheese,353,424
1617,Cream_Cheese,353,434
1618,Cream_Cheese,353,453
1619,Cream_Cheese,353,461
1620,Cream_Cheese,483,353
1621,Cream_Cheese,500,353
1622,Cream_Cheese,353,545
1623,Cream_Cheese,371,378
1624,Cream_Cheese,416,371
1625,Cream_Cheese,371,424
1626,Cream_Cheese,434,371
1627,Cream_Cheese,371,453
1628,Cream_Cheese,461,371
1629,Cream_Cheese,483,371
1630,Cream_Cheese,371,500
1631,Cream_Cheese,545,371
1632,Cream_Cheese,378,416
1633,Cream_Cheese,378,424
1634,Cream_Cheese,378,434
1635,Cream_Cheese,453,378
1636,Cream_Cheese,461,378
1637,Cream_Cheese,483,378
1638,Cream_Cheese,378,500
1639,Cream_Cheese,378,545
1640,Cream_Cheese,416,424
1641,Cream_Cheese,416,434
1642,Cream_Cheese,416,453
1643,Cream_Cheese,416,461
1644,Cream_Cheese,483,416
1645,Cream_Cheese,416,500
1646,Cream_Cheese,545,416
1647,Cream_Cheese,424,434
1648,Cream_Cheese,424,453
1649,Cream_Cheese,424,461
1650,Cream_Cheese,483,424
1651,Cream_Cheese,500,424
1652,Cream_Cheese,545,424
1653,Cream_Cheese,453,434
1654,Cream_Cheese,461,434
1655,Cream_Cheese,434,483
1656,Cream_Cheese,434,500
1657,Cream_Cheese,545,434
1658,Cream_Cheese,461,453
1659,Cream_Cheese,483,453
1660,Cream_Cheese,453,500
1661,Cream_Cheese,453,545
1662,Cream_Cheese,461,483
1663,Cream_Cheese,500,461
1664,Cream_Cheese,461,545
1665,Cream_Cheese,483,500
1666,Cream_Cheese,545,483
1667,Cream_Cheese,500,545
1668,Creamer,138,110
1669,Creamer,110,181
1670,Creamer,189,110
1671,Creamer,110,203
1672,Creamer,110,247
1673,Creamer,110,250
1674,Creamer,110,263
1675,Creamer,267,110
1676,Creamer,277,110
1677,Creamer,284,110
1678,Creamer,294,110
1679,Creamer,110,298
1680,Creamer,322,110
1681,Creamer,110,344
1682,Creamer,110,349
1683,Creamer,110,350
1684,Creamer,386,110
1685,Creamer,110,476
1686,Creamer,110,543
1687,Creamer,181,138
1688,Creamer,138,189
1689,Creamer,138,203
1690,Creamer,247,138
1691,Creamer,138,250
1692,Creamer,263,138
1693,Creamer,267,138
1694,Creamer,277,138
1695,Creamer,284,138
1696,Creamer,294,138
1697,Creamer,298,138
1698,Creamer,138,322
1699,Creamer,138,344
1700,Creamer,138,349
1701,Creamer,350,138
1702,Creamer,386,138
1703,Creamer,138,476
1704,Creamer,543,138
1705,Creamer,189,181
1706,Creamer,181,203
1707,Creamer,247,181
1708,Creamer,181,250
1709,Creamer,181,263
1710,Creamer,267,181
1711,Creamer,277,181
1712,Creamer,181,284
1713,Creamer,294,181
1714,Creamer,298,181
1715,Creamer,181,322
1716,Creamer,344,181
1717,Creamer,181,349
1718,Creamer,181,350
1719,Creamer,386,181
1720,Creamer,476,181
1721,Creamer,543,181
1722,Creamer,203,189
1723,Creamer,247,189
1724,Creamer,189,250
1725,Creamer,263,189
1726,Creamer,189,267
1727,Creamer,189,277
1728,Creamer,189,284
1729,Creamer,189,294
1730,Creamer,298,189
1731,Creamer,189,322
1732,Creamer,189,344
1733,Creamer,349,189
1734,Creamer,350,189
1735,Creamer,189,386
1736,Creamer,476,189
1737,Creamer,543,189
1738,Creamer,247,203
1739,Creamer,250,203
1740,Creamer,203,263
1741,Creamer,203,267
1742,Creamer,203,277
1743,Creamer,284,203
1744,Creamer,294,203
1745,Creamer,298,203
1746,Creamer,322,203
1747,Creamer,344,203
1748,Creamer,203,349
1749,Creamer,350,203
1750,Creamer,203,386
1751,Creamer,476,203
1752,Creamer,543,203
1753,Creamer,250,247
1754,Creamer,247,263
1755,Creamer,247,267
1756,Creamer,247,277
1757,Creamer,284,247
1758,Creamer,294,247
1759,Creamer,247,298
1760,Creamer,322,247
1761,Creamer,247,344
1762,Creamer,349,247
1763,Creamer,350,247
1764,Creamer,386,247
1765,Creamer,476,247
1766,Creamer,247,543
1767,Creamer,263,250
1768,Creamer,267,250
1769,Creamer,277,250
1770,Creamer,284,250
1771,Creamer,250,294
1772,Creamer,250,298
1773,Creamer,250,322
1774,Creamer,250,344
1775,Creamer,349,250
1776,Creamer,250,350
1777,Creamer,386,250
1778,Creamer,476,250
1779,Creamer,250,543
1780,Creamer,267,263
1781,Creamer,263,277
1782,Creamer,284,263
1783,Creamer,263,294
1784,Creamer,263,298
1785,Creamer,263,322
1786,Creamer,263,344
1787,Creamer,263,349
1788,Creamer,350,263
1789,Creamer,263,386
1790,Creamer,476,263
1791,Creamer,263,543
1792,Creamer,267,277
1793,Creamer,267,284
1794,Creamer,294,267
1795,Creamer,298,267
1796,Creamer,267,322
1797,Creamer,344,267
1798,Creamer,349,267
1799,Creamer,350,267
1800,Creamer,267,386
1801,Creamer,267,476
1802,Creamer,543,267
1803,Creamer,284,277
1804,Creamer,294,277
1805,Creamer,277,298
1806,Creamer,277,322
1807,Creamer,344,277
1808,Creamer,349,277
1809,Creamer,350,277
1810,Creamer,277,386
1811,Creamer,277,476
1812,Creamer,543,277
1813,Creamer,294,284
1814,Creamer,298,284
1815,Creamer,284,322
1816,Creamer,344,284
1817,Creamer,284,349
1818,Creamer,284,350
1819,Creamer,386,284
1820,Creamer,476,284
1821,Creamer,543,284
1822,Creamer,294,298
1823,Creamer,294,322
1824,Creamer,294,344
1825,Creamer,294,349
1826,Creamer,350,294
1827,Creamer,294,386
1828,Creamer,294,476
1829,Creamer,543,294
1830,Creamer,298,322
1831,Creamer,298,344
1832,Creamer,298,349
1833,Creamer,298,350
1834,Creamer,298,386
1835,Creamer,298,476
1836,Creamer,543,298
1837,Creamer,344,322
1838,Creamer,322,349
1839,Creamer,350,322
1840,Creamer,386,322
1841,Creamer,476,322
1842,Creamer,543,322
1843,Creamer,344,349
1844,Creamer,344,350
1845,Creamer,386,344
1846,Creamer,476,344
1847,Creamer,543,344
1848,Creamer,349,350
1849,Creamer,349,386
1850,Creamer,476,349
1851,Creamer,349,543
1852,Creamer,350,386
1853,Creamer,350,476
1854,Creamer,350,543
1855,Creamer,476,386
1856,Creamer,386,543
1857,Creamer,543,476
1858,Deli_Ham,102,123
1859,Deli_Ham,102,137
1860,Deli_Ham,102,169
1861,Deli_Ham,102,192
1862,Deli_Ham,196,102
1863,Deli_Ham,102,197
1864,Deli_Ham,102,222
1865,Deli_Ham,102,223
1866,Deli_Ham,243,102
1867,Deli_Ham,244,102
1868,Deli_Ham,283,102
1869,Deli_Ham,102,380
1870,Deli_Ham,102,399
1871,Deli_Ham,438,102
1872,Deli_Ham,102,447
1873,Deli_Ham,102,451
1874,Deli_Ham,102,467
1875,Deli_Ham,102,507
1876,Deli_Ham,123,137
1877,Deli_Ham,123,169
1878,Deli_Ham,192,123
1879,Deli_Ham,123,196
1880,Deli_Ham,123,197
1881,Deli_Ham,123,222
1882,Deli_Ham,123,223
1883,Deli_Ham,123,243
1884,Deli_Ham,244,123
1885,Deli_Ham,283,123
1886,Deli_Ham,380,123
1887,Deli_Ham,399,123
1888,Deli_Ham,123,438
1889,Deli_Ham,123,447
1890,Deli_Ham,451,123
1891,Deli_Ham,467,123
1892,Deli_Ham,123,507
1893,Deli_Ham,169,137
1894,Deli_Ham,137,192
1895,Deli_Ham,137,196
1896,Deli_Ham,137,197
1897,Deli_Ham,222,137
1898,Deli_Ham,223,137
1899,Deli_Ham,137,243
1900,Deli_Ham,137,244
1901,Deli_Ham,283,137
1902,Deli_Ham,137,380
1903,Deli_Ham,399,137
1904,Deli_Ham,137,438
1905,Deli_Ham,447,137
1906,Deli_Ham,137,451
1907,Deli_Ham,467,137
1908,Deli_Ham,507,137
1909,Deli_Ham,192,169
1910,Deli_Ham,196,169
1911,Deli_Ham,169,197
1912,Deli_Ham,169,222
1913,Deli_Ham,223,169
1914,Deli_Ham,243,169
1915,Deli_Ham,169,244
1916,Deli_Ham,169,283
1917,Deli_Ham,169,380
1918,Deli_Ham,399,169
1919,Deli_Ham,438,169
1920,Deli_Ham,169,447
1921,Deli_Ham,451,169
1922,Deli_Ham,169,467
1923,Deli_Ham,507,169
1924,Deli_Ham,192,196
1925,Deli_Ham,197,192
1926,Deli_Ham,192,222
1927,Deli_Ham,223,192
1928,Deli_Ham,192,243
1929,Deli_Ham,244,192
1930,Deli_Ham,192,283
1931,Deli_Ham,192,380
1932,Deli_Ham,192,399
1933,Deli_Ham,192,438
1934,Deli_Ham,192,447
1935,Deli_Ham,192,451
1936,Deli_Ham,467,192
1937,Deli_Ham,192,507
1938,Deli_Ham,197,196
1939,Deli_Ham,222,196
1940,Deli_Ham,223,196
1941,Deli_Ham,243,196
1942,Deli_Ham,196,244
1943,Deli_Ham,196,283
1944,Deli_Ham,196,380
1945,Deli_Ham,196,399
1946,Deli_Ham,438,196
1947,Deli_Ham,447,196
1948,Deli_Ham,451,196
1949,Deli_Ham,467,196
1950,Deli_Ham,507,196
1951,Deli_Ham,222,197
1952,Deli_Ham,197,223
1953,Deli_Ham,197,243
1954,Deli_Ham,197,244
1955,Deli_Ham,197,283
1956,Deli_Ham,197,380
1957,Deli_Ham,399,197
1958,Deli_Ham,197,438
1959,Deli_Ham,197,447
1960,Deli_Ham,451,197
1961,Deli_Ham,467,197
1962,Deli_Ham,197,507
1963,Deli_Ham,223,222
1964,Deli_Ham,222,243
1965,Deli_Ham,222,244
1966,Deli_Ham,283,222
1967,Deli_Ham,380,222
1968,Deli_Ham,399,222
1969,Deli_Ham,438,222
1970,Deli_Ham,447,222
1971,Deli_Ham,222,451
1972,Deli_Ham,467,222
1973,Deli_Ham,222,507
1974,Deli_Ham,243,223
1975,Deli_Ham,223,244
1976,Deli_Ham,283,223
1977,Deli_Ham,380,223
1978,Deli_Ham,223,399
1979,Deli_Ham,223,438
1980,Deli_Ham,447,223
1981,Deli_Ham,223,451
1982,Deli_Ham,467,223
1983,Deli_Ham,507,223
1984,Deli_Ham,244,243
1985,Deli_Ham,283,243
1986,Deli_Ham,243,380
1987,Deli_Ham,399,243
1988,Deli_Ham,438,243
1989,Deli_Ham,243,447
1990,Deli_Ham,243,451
1991,Deli_Ham,467,243
1992,Deli_Ham,243,507
1993,Deli_Ham,283,244
1994,Deli_Ham,244,380
1995,Deli_Ham,244,399
1996,Deli_Ham,244,438
1997,Deli_Ham,447,244
1998,Deli_Ham,451,244
1999,Deli_Ham,467,244
2000,Deli_Ham,507,244
2001,Deli_Ham,380,283
2002,Deli_Ham,283,399
2003,Deli_Ham,438,283
2004,Deli_Ham,447,283
2005,Deli_Ham,283,451
2006,Deli_Ham,467,283
2007,Deli_Ham,283,507
2008,Deli_Ham,399,380
2009,Deli_Ham,438,380
2010,Deli_Ham,447,380
2011,Deli_Ham,451,380
2012,Deli_Ham,380,467
2013,Deli_Ham,507,380
2014,Deli_Ham,399,438
2015,Deli_Ham,447,399
2016,Deli_Ham,451,399
2017,Deli_Ham,399,467
2018,Deli_Ham,507,399
2019,Deli_Ham,438,447
2020,Deli_Ham,438,451
2021,Deli_Ham,438,467
2022,Deli_Ham,438,507
2023,Deli_Ham,451,447
2024,Deli_Ham,467,447
2025,Deli_Ham,507,447
2026,Deli_Ham,451,467
2027,Deli_Ham,451,507
2028,Deli_Ham,507,467
2029,Deli_Turkey,167,282
2030,Deli_Turkey,302,167
2031,Deli_Turkey,167,372
2032,Deli_Turkey,377,167
2033,Deli_Turkey,167,421
2034,Deli_Turkey,167,464
2035,Deli_Turkey,473,167
2036,Deli_Turkey,302,282
2037,Deli_Turkey,372,282
2038,Deli_Turkey,377,282
2039,Deli_Turkey,421,282
2040,Deli_Turkey,282,464
2041,Deli_Turkey,282,473
2042,Deli_Turkey,302,372
2043,Deli_Turkey,377,302
2044,Deli_Turkey,302,421
2045,Deli_Turkey,302,464
2046,Deli_Turkey,473,302
2047,Deli_Turkey,372,377
2048,Deli_Turkey,372,421
2049,Deli_Turkey,464,372
2050,Deli_Turkey,473,372
2051,Deli_Turkey,421,377
2052,Deli_Turkey,464,377
2053,Deli_Turkey,377,473
2054,Deli_Turkey,421,464
2055,Deli_Turkey,421,473
2056,Deli_Turkey,473,464
2057,Hot_Dogs,225,186
2058,Hot_Dogs,186,229
2059,Hot_Dogs,186,246
2060,Hot_Dogs,319,186
2061,Hot_Dogs,186,323
2062,Hot_Dogs,186,328
2063,Hot_Dogs,362,186
2064,Hot_Dogs,374,186
2065,Hot_Dogs,186,425
2066,Hot_Dogs,456,186
2067,Hot_Dogs,475,186
2068,Hot_Dogs,486,186
2069,Hot_Dogs,496,186
2070,Hot_Dogs,186,499
2071,Hot_Dogs,186,536
2072,Hot_Dogs,229,225
2073,Hot_Dogs,225,246
2074,Hot_Dogs,225,319
2075,Hot_Dogs,225,323
2076,Hot_Dogs,328,225
2077,Hot_Dogs,362,225
2078,Hot_Dogs,225,374
2079,Hot_Dogs,225,425
2080,Hot_Dogs,456,225
2081,Hot_Dogs,475,225
2082,Hot_Dogs,486,225
2083,Hot_Dogs,225,496
2084,Hot_Dogs,225,499
2085,Hot_Dogs,536,225
2086,Hot_Dogs,246,229
2087,Hot_Dogs,229,319
2088,Hot_Dogs,229,323
2089,Hot_Dogs,328,229
2090,Hot_Dogs,229,362
2091,Hot_Dogs,229,374
2092,Hot_Dogs,425,229
2093,Hot_Dogs,229,456
2094,Hot_Dogs,475,229
2095,Hot_Dogs,229,486
2096,Hot_Dogs,229,496
2097,Hot_Dogs,229,499
2098,Hot_Dogs,229,536
2099,Hot_Dogs,319,246
2100,Hot_Dogs,246,323
2101,Hot_Dogs,246,328
2102,Hot_Dogs,362,246
2103,Hot_Dogs,246,374
2104,Hot_Dogs,246,425
2105,Hot_Dogs,456,246
2106,Hot_Dogs,246,475
2107,Hot_Dogs,246,486
2108,Hot_Dogs,496,246
2109,Hot_Dogs,246,499
2110,Hot_Dogs,536,246
2111,Hot_Dogs,323,319
2112,Hot_Dogs,328,319
2113,Hot_Dogs,319,362
2114,Hot_Dogs,319,374
2115,Hot_Dogs,425,319
2116,Hot_Dogs,456,319
2117,Hot_Dogs,319,475
2118,Hot_Dogs,486,319
2119,Hot_Dogs,319,496
2120,Hot_Dogs,319,499
2121,Hot_Dogs,319,536
2122,Hot_Dogs,323,328
2123,Hot_Dogs,362,323
2124,Hot_Dogs,323,374
2125,Hot_Dogs,323,425
2126,Hot_Dogs,323,456
2127,Hot_Dogs,475,323
2128,Hot_Dogs,323,486
2129,Hot_Dogs,496,323
2130,Hot_Dogs,499,323
2131,Hot_Dogs,536,323
2132,Hot_Dogs,328,362
2133,Hot_Dogs,328,374
2134,Hot_Dogs,328,425
2135,Hot_Dogs,328,456
2136,Hot_Dogs,475,328
2137,Hot_Dogs,328,486
2138,Hot_Dogs,496,328
2139,Hot_Dogs,328,499
2140,Hot_Dogs,328,536
2141,Hot_Dogs,362,374
2142,Hot_Dogs,362,425
2143,Hot_Dogs,456,362
2144,Hot_Dogs,475,362
2145,Hot_Dogs,362,486
2146,Hot_Dogs,496,362
2147,Hot_Dogs,499,362
2148,Hot_Dogs,536,362
2149,Hot_Dogs,374,425
2150,Hot_Dogs,456,374
2151,Hot_Dogs,475,374
2152,Hot_Dogs,374,486
2153,Hot_Dogs,374,496
2154,Hot_Dogs,499,374
2155,Hot_Dogs,536,374
2156,Hot_Dogs,456,425
2157,Hot_Dogs,475,425
2158,Hot_Dogs,486,425
2159,Hot_Dogs,425,496
2160,Hot_Dogs,425,499
2161,Hot_Dogs,425,536
2162,Hot_Dogs,475,456
2163,Hot_Dogs,456,486
2164,Hot_Dogs,496,456
2165,Hot_Dogs,456,499
2166,Hot_Dogs,456,536
2167,Hot_Dogs,486,475
2168,Hot_Dogs,475,496
2169,Hot_Dogs,499,475
2170,Hot_Dogs,475,536
2171,Hot_Dogs,496,486
2172,Hot_Dogs,499,486
2173,Hot_Dogs,486,536
2174,Hot_Dogs,499,496
2175,Hot_Dogs,496,536
2176,Hot_Dogs,536,499
2177,Ice_Cream_Hard_Serve,212,215
2178,Ice_Cream_Hard_Serve,212,220
2179,Ice_Cream_Hard_Serve,212,236
2180,Ice_Cream_Hard_Serve,264,212
2181,Ice_Cream_Hard_Serve,279,212
2182,Ice_Cream_Hard_Serve,297,212
2183,Ice_Cream_Hard_Serve,324,212
2184,Ice_Cream_Hard_Serve,212,332
2185,Ice_Cream_Hard_Serve,212,333
2186,Ice_Cream_Hard_Serve,212,358
2187,Ice_Cream_Hard_Serve,212,366
2188,Ice_Cream_Hard_Serve,212,391
2189,Ice_Cream_Hard_Serve,212,401
2190,Ice_Cream_Hard_Serve,410,212
2191,Ice_Cream_Hard_Serve,212,411
2192,Ice_Cream_Hard_Serve,212,470
2193,Ice_Cream_Hard_Serve,212,512
2194,Ice_Cream_Hard_Serve,515,212
2195,Ice_Cream_Hard_Serve,537,212
2196,Ice_Cream_Hard_Serve,540,212
2197,Ice_Cream_Hard_Serve,215,220
2198,Ice_Cream_Hard_Serve,215,236
2199,Ice_Cream_Hard_Serve,264,215
2200,Ice_Cream_Hard_Serve,215,279
2201,Ice_Cream_Hard_Serve,297,215
2202,Ice_Cream_Hard_Serve,324,215
2203,Ice_Cream_Hard_Serve,332,215
2204,Ice_Cream_Hard_Serve,215,333
2205,Ice_Cream_Hard_Serve,215,358
2206,Ice_Cream_Hard_Serve,366,215
2207,Ice_Cream_Hard_Serve,215,391
2208,Ice_Cream_Hard_Serve,401,215
2209,Ice_Cream_Hard_Serve,215,410
2210,Ice_Cream_Hard_Serve,215,411
2211,Ice_Cream_Hard_Serve,215,470
2212,Ice_Cream_Hard_Serve,512,215
2213,Ice_Cream_Hard_Serve,215,515
2214,Ice_Cream_Hard_Serve,215,537
2215,Ice_Cream_Hard_Serve,540,215
2216,Ice_Cream_Hard_Serve,220,236
2217,Ice_Cream_Hard_Serve,264,220
2218,Ice_Cream_Hard_Serve,220,279
2219,Ice_Cream_Hard_Serve,297,220
2220,Ice_Cream_Hard_Serve,220,324
2221,Ice_Cream_Hard_Serve,220,332
2222,Ice_Cream_Hard_Serve,333,220
2223,Ice_Cream_Hard_Serve,358,220
2224,Ice_Cream_Hard_Serve,366,220
2225,Ice_Cream_Hard_Serve,391,220
2226,Ice_Cream_Hard_Serve,401,220
2227,Ice_Cream_Hard_Serve,220,410
2228,Ice_Cream_Hard_Serve,411,220
2229,Ice_Cream_Hard_Serve,470,220
2230,Ice_Cream_Hard_Serve,220,512
2231,Ice_Cream_Hard_Serve,515,220
2232,Ice_Cream_Hard_Serve,220,537
2233,Ice_Cream_Hard_Serve,220,540
2234,Ice_Cream_Hard_Serve,236,264
2235,Ice_Cream_Hard_Serve,236,279
2236,Ice_Cream_Hard_Serve,236,297
2237,Ice_Cream_Hard_Serve,324,236
2238,Ice_Cream_Hard_Serve,332,236
2239,Ice_Cream_Hard_Serve,333,236
2240,Ice_Cream_Hard_Serve,236,358
2241,Ice_Cream_Hard_Serve,366,236
2242,Ice_Cream_Hard_Serve,236,391
2243,Ice_Cream_Hard_Serve,236,401
2244,Ice_Cream_Hard_Serve,236,410
2245,Ice_Cream_Hard_Serve,236,411
2246,Ice_Cream_Hard_Serve,470,236
2247,Ice_Cream_Hard_Serve,236,512
2248,Ice_Cream_Hard_Serve,236,515
2249,Ice_Cream_Hard_Serve,537,236
2250,Ice_Cream_Hard_Serve,540,236
2251,Ice_Cream_Hard_Serve,264,279
2252,Ice_Cream_Hard_Serve,264,297
2253,Ice_Cream_Hard_Serve,264,324
2254,Ice_Cream_Hard_Serve,264,332
2255,Ice_Cream_Hard_Serve,264,333
2256,Ice_Cream_Hard_Serve,264,358
2257,Ice_Cream_Hard_Serve,366,264
2258,Ice_Cream_Hard_Serve,391,264
2259,Ice_Cream_Hard_Serve,401,264
2260,Ice_Cream_Hard_Serve,264,410
2261,Ice_Cream_Hard_Serve,264,411
2262,Ice_Cream_Hard_Serve,264,470
2263,Ice_Cream_Hard_Serve,512,264
2264,Ice_Cream_Hard_Serve,264,515
2265,Ice_Cream_Hard_Serve,264,537
2266,Ice_Cream_Hard_Serve,264,540
2267,Ice_Cream_Hard_Serve,279,297
2268,Ice_Cream_Hard_Serve,324,279
2269,Ice_Cream_Hard_Serve,279,332
2270,Ice_Cream_Hard_Serve,333,279
2271,Ice_Cream_Hard_Serve,358,279
2272,Ice_Cream_Hard_Serve,366,279
2273,Ice_Cream_Hard_Serve,279,391
2274,Ice_Cream_Hard_Serve,279,401
2275,Ice_Cream_Hard_Serve,279,410
2276,Ice_Cream_Hard_Serve,279,411
2277,Ice_Cream_Hard_Serve,279,470
2278,Ice_Cream_Hard_Serve,279,512
2279,Ice_Cream_Hard_Serve,515,279
2280,Ice_Cream_Hard_Serve,537,279
2281,Ice_Cream_Hard_Serve,540,279
2282,Ice_Cream_Hard_Serve,324,297
2283,Ice_Cream_Hard_Serve,332,297
2284,Ice_Cream_Hard_Serve,333,297
2285,Ice_Cream_Hard_Serve,358,297
2286,Ice_Cream_Hard_Serve,297,366
2287,Ice_Cream_Hard_Serve,391,297
2288,Ice_Cream_Hard_Serve,401,297
2289,Ice_Cream_Hard_Serve,410,297
2290,Ice_Cream_Hard_Serve,297,411
2291,Ice_Cream_Hard_Serve,470,297
2292,Ice_Cream_Hard_Serve,512,297
2293,Ice_Cream_Hard_Serve,297,515
2294,Ice_Cream_Hard_Serve,537,297
2295,Ice_Cream_Hard_Serve,540,297
2296,Ice_Cream_Hard_Serve,332,324
2297,Ice_Cream_Hard_Serve,333,324
2298,Ice_Cream_Hard_Serve,358,324
2299,Ice_Cream_Hard_Serve,366,324
2300,Ice_Cream_Hard_Serve,324,391
2301,Ice_Cream_Hard_Serve,324,401
2302,Ice_Cream_Hard_Serve,324,410
2303,Ice_Cream_Hard_Serve,411,324
2304,Ice_Cream_Hard_Serve,324,470
2305,Ice_Cream_Hard_Serve,512,324
2306,Ice_Cream_Hard_Serve,515,324
2307,Ice_Cream_Hard_Serve,324,537
2308,Ice_Cream_Hard_Serve,540,324
2309,Ice_Cream_Hard_Serve,333,332
2310,Ice_Cream_Hard_Serve,332,358
2311,Ice_Cream_Hard_Serve,332,366
2312,Ice_Cream_Hard_Serve,391,332
2313,Ice_Cream_Hard_Serve,332,401
2314,Ice_Cream_Hard_Serve,332,410
2315,Ice_Cream_Hard_Serve,411,332
2316,Ice_Cream_Hard_Serve,470,332
2317,Ice_Cream_Hard_Serve,512,332
2318,Ice_Cream_Hard_Serve,515,332
2319,Ice_Cream_Hard_Serve,537,332
2320,Ice_Cream_Hard_Serve,332,540
2321,Ice_Cream_Hard_Serve,333,358
2322,Ice_Cream_Hard_Serve,333,366
2323,Ice_Cream_Hard_Serve,391,333
2324,Ice_Cream_Hard_Serve,333,401
2325,Ice_Cream_Hard_Serve,333,410
2326,Ice_Cream_Hard_Serve,333,411
2327,Ice_Cream_Hard_Serve,470,333
2328,Ice_Cream_Hard_Serve,333,512
2329,Ice_Cream_Hard_Serve,515,333
2330,Ice_Cream_Hard_Serve,537,333
2331,Ice_Cream_Hard_Serve,540,333
2332,Ice_Cream_Hard_Serve,358,366
2333,Ice_Cream_Hard_Serve,358,391
2334,Ice_Cream_Hard_Serve,401,358
2335,Ice_Cream_Hard_Serve,410,358
2336,Ice_Cream_Hard_Serve,411,358
2337,Ice_Cream_Hard_Serve,470,358
2338,Ice_Cream_Hard_Serve,512,358
2339,Ice_Cream_Hard_Serve,515,358
2340,Ice_Cream_Hard_Serve,358,537
2341,Ice_Cream_Hard_Serve,540,358
2342,Ice_Cream_Hard_Serve,391,366
2343,Ice_Cream_Hard_Serve,401,366
2344,Ice_Cream_Hard_Serve,366,410
2345,Ice_Cream_Hard_Serve,366,411
2346,Ice_Cream_Hard_Serve,366,470
2347,Ice_Cream_Hard_Serve,512,366
2348,Ice_Cream_Hard_Serve,366,515
2349,Ice_Cream_Hard_Serve,537,366
2350,Ice_Cream_Hard_Serve,366,540
2351,Ice_Cream_Hard_Serve,391,401
2352,Ice_Cream_Hard_Serve,391,410
2353,Ice_Cream_Hard_Serve,391,411
2354,Ice_Cream_Hard_Serve,391,470
2355,Ice_Cream_Hard_Serve,512,391
2356,Ice_Cream_Hard_Serve,391,515
2357,Ice_Cream_Hard_Serve,537,391
2358,Ice_Cream_Hard_Serve,391,540
2359,Ice_Cream_Hard_Serve,410,401
2360,Ice_Cream_Hard_Serve,411,401
2361,Ice_Cream_Hard_Serve,470,401
2362,Ice_Cream_Hard_Serve,512,401
2363,Ice_Cream_Hard_Serve,515,401
2364,Ice_Cream_Hard_Serve,401,537
2365,Ice_Cream_Hard_Serve,540,401
2366,Ice_Cream_Hard_Serve,411,410
2367,Ice_Cream_Hard_Serve,410,470
2368,Ice_Cream_Hard_Serve,512,410
2369,Ice_Cream_Hard_Serve,410,515
2370,Ice_Cream_Hard_Serve,410,537
2371,Ice_Cream_Hard_Serve,410,540
2372,Ice_Cream_Hard_Serve,411,470
2373,Ice_Cream_Hard_Serve,512,411
2374,Ice_Cream_Hard_Serve,411,515
2375,Ice_Cream_Hard_Serve,537,411
2376,Ice_Cream_Hard_Serve,540,411
2377,Ice_Cream_Hard_Serve,470,512
2378,Ice_Cream_Hard_Serve,515,470
2379,Ice_Cream_Hard_Serve,470,537
2380,Ice_Cream_Hard_Serve,470,540
2381,Ice_Cream_Hard_Serve,512,515
2382,Ice_Cream_Hard_Serve,512,537
2383,Ice_Cream_Hard_Serve,540,512
2384,Ice_Cream_Hard_Serve,537,515
2385,Ice_Cream_Hard_Serve,515,540
2386,Ice_Cream_Hard_Serve,540,537
2387,Meatballs,144,165
2388,Meatballs,144,207
2389,Meatballs,144,227
2390,Meatballs,233,144
2391,Meatballs,385,144
2392,Meatballs,397,144
2393,Meatballs,433,144
2394,Meatballs,144,440
2395,Meatballs,479,144
2396,Meatballs,521,144
2397,Meatballs,207,165
2398,Meatballs,165,227
2399,Meatballs,165,233
2400,Meatballs,385,165
2401,Meatballs,397,165
2402,Meatballs,433,165
2403,Meatballs,440,165
2404,Meatballs,165,479
2405,Meatballs,165,521
2406,Meatballs,227,207
2407,Meatballs,233,207
2408,Meatballs,207,385
2409,Meatballs,397,207
2410,Meatballs,207,433
2411,Meatballs,440,207
2412,Meatballs,479,207
2413,Meatballs,521,207
2414,Meatballs,227,233
2415,Meatballs,227,385
2416,Meatballs,397,227
2417,Meatballs,433,227
2418,Meatballs,440,227
2419,Meatballs,479,227
2420,Meatballs,521,227
2421,Meatballs,385,233
2422,Meatballs,233,397
2423,Meatballs,433,233
2424,Meatballs,440,233
2425,Meatballs,233,479
2426,Meatballs,521,233
2427,Meatballs,385,397
2428,Meatballs,433,385
2429,Meatballs,385,440
2430,Meatballs,385,479
2431,Meatballs,385,521
2432,Meatballs,397,433
2433,Meatballs,440,397
2434,Meatballs,397,479
2435,Meatballs,521,397
2436,Meatballs,440,433
2437,Meatballs,479,433
2438,Meatballs,433,521
2439,Meatballs,479,440
2440,Meatballs,440,521
2441,Meatballs,479,521
2442,Milk,104,112
2443,Milk,104,128
2444,Milk,132,104
2445,Milk,135,104
2446,Milk,141,104
2447,Milk,147,104
2448,Milk,151,104
2449,Milk,161,104
2450,Milk,185,104
2451,Milk,104,195
2452,Milk,104,198
2453,Milk,200,104
2454,Milk,104,242
2455,Milk,259,104
2456,Milk,270,104
2457,Milk,104,271
2458,Milk,278,104
2459,Milk,300,104
2460,Milk,104,306
2461,Milk,104,313
2462,Milk,104,315
2463,Milk,104,326
2464,Milk,104,340
2465,Milk,342,104
2466,Milk,354,104
2467,Milk,356,104
2468,Milk,367,104
2469,Milk,104,382
2470,Milk,392,104
2471,Milk,104,427
2472,Milk,104,442
2473,Milk,104,457
2474,Milk,104,480
2475,Milk,104,491
2476,Milk,493,104
2477,Milk,104,509
2478,Milk,511,104
2479,Milk,104,528
2480,Milk,128,112
2481,Milk,112,132
2482,Milk,112,135
2483,Milk,141,112
2484,Milk,147,112
2485,Milk,112,151
2486,Milk,161,112
2487,Milk,112,185
2488,Milk,112,195
2489,Milk,198,112
2490,Milk,200,112
2491,Milk,242,112
2492,Milk,112,259
2493,Milk,270,112
2494,Milk,112,271
2495,Milk,278,112
2496,Milk,112,300
2497,Milk,112,306
2498,Milk,112,313
2499,Milk,315,112
2500,Milk,112,326
2501,Milk,112,340
2502,Milk,112,342
2503,Milk,112,354
2504,Milk,356,112
2505,Milk,367,112
2506,Milk,112,382
2507,Milk,392,112
2508,Milk,112,427
2509,Milk,112,442
2510,Milk,457,112
2511,Milk,112,480
2512,Milk,491,112
2513,Milk,112,493
2514,Milk,112,509
2515,Milk,112,511
2516,Milk,528,112
2517,Milk,132,128
2518,Milk,128,135
2519,Milk,128,141
2520,Milk,128,147
2521,Milk,151,128
2522,Milk,161,128
2523,Milk,185,128
2524,Milk,128,195
2525,Milk,198,128
2526,Milk,200,128
2527,Milk,128,242
2528,Milk,259,128
2529,Milk,128,270
2530,Milk,128,271
2531,Milk,128,278
2532,Milk,300,128
2533,Milk,306,128
2534,Milk,128,313
2535,Milk,128,315
2536,Milk,128,326
2537,Milk,340,128
2538,Milk,128,342
2539,Milk,128,354
2540,Milk,128,356
2541,Milk,128,367
2542,Milk,128,382
2543,Milk,128,392
2544,Milk,427,128
2545,Milk,442,128
2546,Milk,457,128
2547,Milk,480,128
2548,Milk,491,128
2549,Milk,493,128
2550,Milk,509,128
2551,Milk,511,128
2552,Milk,128,528
2553,Milk,132,135
2554,Milk,141,132
2555,Milk,132,147
2556,Milk,132,151
2557,Milk,161,132
2558,Milk,185,132
2559,Milk,132,195
2560,Milk,132,198
2561,Milk,132,200
2562,Milk,242,132
2563,Milk,259,132
2564,Milk,270,132
2565,Milk,271,132
2566,Milk,278,132
2567,Milk,300,132
2568,Milk,132,306
2569,Milk,132,313
2570,Milk,315,132
2571,Milk,132,326
2572,Milk,340,132
2573,Milk,342,132
2574,Milk,354,132
2575,Milk,132,356
2576,Milk,132,367
2577,Milk,132,382
2578,Milk,392,132
2579,Milk,132,427
2580,Milk,442,132
2581,Milk,132,457
2582,Milk,132,480
2583,Milk,491,132
2584,Milk,132,493
2585,Milk,132,509
2586,Milk,511,132
2587,Milk,132,528
2588,Milk,141,135
2589,Milk,135,147
2590,Milk,135,151
2591,Milk,135,161
2592,Milk,135,185
2593,Milk,135,195
2594,Milk,198,135
2595,Milk,135,200
2596,Milk,242,135
2597,Milk,259,135
2598,Milk,270,135
2599,Milk,271,135
2600,Milk,135,278
2601,Milk,300,135
2602,Milk,135,306
2603,Milk,313,135
2604,Milk,315,135
2605,Milk,135,326
2606,Milk,340,135
2607,Milk,342,135
2608,Milk,135,354
2609,Milk,356,135
2610,Milk,135,367
2611,Milk,382,135
2612,Milk,392,135
2613,Milk,135,427
2614,Milk,442,135
2615,Milk,457,135
2616,Milk,480,135
2617,Milk,491,135
2618,Milk,135,493
2619,Milk,509,135
2620,Milk,135,511
2621,Milk,135,528
2622,Milk,147,141
2623,Milk,141,151
2624,Milk,161,141
2625,Milk,141,185
2626,Milk,195,141
2627,Milk,141,198
2628,Milk,200,141
2629,Milk,242,141
2630,Milk,141,259
2631,Milk,141,270
2632,Milk,271,141
2633,Milk,278,141
2634,Milk,141,300
2635,Milk,141,306
2636,Milk,141,313
2637,Milk,141,315
2638,Milk,141,326
2639,Milk,141,340
2640,Milk,342,141
2641,Milk,354,141
2642,Milk,141,356
2643,Milk,141,367
2644,Milk,382,141
2645,Milk,392,141
2646,Milk,141,427
2647,Milk,141,442
2648,Milk,457,141
2649,Milk,480,141
2650,Milk,491,141
2651,Milk,493,141
2652,Milk,509,141
2653,Milk,511,141
2654,Milk,141,528
2655,Milk,151,147
2656,Milk,147,161
2657,Milk,147,185
2658,Milk,195,147
2659,Milk,147,198
2660,Milk,200,147
2661,Milk,147,242
2662,Milk,259,147
2663,Milk,147,270
2664,Milk,147,271
2665,Milk,278,147
2666,Milk,300,147
2667,Milk,147,306
2668,Milk,147,313
2669,Milk,315,147
2670,Milk,147,326
2671,Milk,340,147
2672,Milk,147,342
2673,Milk,354,147
2674,Milk,147,356
2675,Milk,367,147
2676,Milk,382,147
2677,Milk,392,147
2678,Milk,427,147
2679,Milk,147,442
2680,Milk,457,147
2681,Milk,147,480
2682,Milk,491,147
2683,Milk,493,147
2684,Milk,509,147
2685,Milk,511,147
2686,Milk,528,147
2687,Milk,161,151
2688,Milk,185,151
2689,Milk,195,151
2690,Milk,151,198
2691,Milk,151,200
2692,Milk,242,151
2693,Milk,259,151
2694,Milk,151,270
2695,Milk,151,271
2696,Milk,151,278
2697,Milk,300,151
2698,Milk,151,306
2699,Milk,151,313
2700,Milk,151,315
2701,Milk,151,326
2702,Milk,340,151
2703,Milk,342,151
2704,Milk,151,354
2705,Milk,151,356
2706,Milk,367,151
2707,Milk,382,151
2708,Milk,392,151
2709,Milk,427,151
2710,Milk,151,442
2711,Milk,151,457
2712,Milk,480,151
2713,Milk,491,151
2714,Milk,493,151
2715,Milk,509,151
2716,Milk,151,511
2717,Milk,151,528
2718,Milk,161,185
2719,Milk,195,161
2720,Milk,161,198
2721,Milk,161,200
2722,Milk,161,242
2723,Milk,259,161
2724,Milk,270,161
2725,Milk,271,161
2726,Milk,278,161
2727,Milk,300,161
2728,Milk,306,161
2729,Milk,313,161
2730,Milk,161,315
2731,Milk,326,161
2732,Milk,340,161
2733,Milk,161,342
2734,Milk,161,354
2735,Milk,161,356
2736,Milk,161,367
2737,Milk,161,382
2738,Milk,161,392
2739,Milk,427,161
2740,Milk,442,161
2741,Milk,457,161
2742,Milk,480,161
2743,Milk,491,161
2744,Milk,161,493
2745,Milk,161,509
2746,Milk,161,511
2747,Milk,528,161
2748,Milk,185,195
2749,Milk,185,198
2750,Milk,200,185
2751,Milk,185,242
2752,Milk,259,185
2753,Milk,270,185
2754,Milk,185,271
2755,Milk,278,185
2756,Milk,300,185
2757,Milk,185,306
2758,Milk,185,313
2759,Milk,315,185
2760,Milk,326,185
2761,Milk,340,185
2762,Milk,185,342
2763,Milk,354,185
2764,Milk,356,185
2765,Milk,185,367
2766,Milk,185,382
2767,Milk,392,185
2768,Milk,185,427
2769,Milk,185,442
2770,Milk,457,185
2771,Milk,480,185
2772,Milk,185,491
2773,Milk,493,185
2774,Milk,185,509
2775,Milk,511,185
2776,Milk,528,185
2777,Milk,198,195
2778,Milk,200,195
2779,Milk,242,195
2780,Milk,259,195
2781,Milk,195,270
2782,Milk,195,271
2783,Milk,195,278
2784,Milk,195,300
2785,Milk,306,195
2786,Milk,195,313
2787,Milk,315,195
2788,Milk,195,326
2789,Milk,195,340
2790,Milk,195,342
2791,Milk,195,354
2792,Milk,195,356
2793,Milk,367,195
2794,Milk,382,195
2795,Milk,195,392
2796,Milk,427,195
2797,Milk,195,442
2798,Milk,195,457
2799,Milk,480,195
2800,Milk,195,491
2801,Milk,195,493
2802,Milk,195,509
2803,Milk,195,511
2804,Milk,195,528
2805,Milk,198,200
2806,Milk,198,242
2807,Milk,259,198
2808,Milk,270,198
2809,Milk,198,271
2810,Milk,278,198
2811,Milk,198,300
2812,Milk,198,306
2813,Milk,313,198
2814,Milk,198,315
2815,Milk,198,326
2816,Milk,340,198
2817,Milk,342,198
2818,Milk,354,198
2819,Milk,356,198
2820,Milk,198,367
2821,Milk,382,198
2822,Milk,198,392
2823,Milk,427,198
2824,Milk,442,198
2825,Milk,198,457
2826,Milk,198,480
2827,Milk,491,198
2828,Milk,493,198
2829,Milk,509,198
2830,Milk,511,198
2831,Milk,198,528
2832,Milk,242,200
2833,Milk,259,200
2834,Milk,270,200
2835,Milk,200,271
2836,Milk,200,278
2837,Milk,300,200
2838,Milk,200,306
2839,Milk,313,200
2840,Milk,315,200
2841,Milk,200,326
2842,Milk,200,340
2843,Milk,200,342
2844,Milk,200,354
2845,Milk,356,200
2846,Milk,200,367
2847,Milk,382,200
2848,Milk,200,392
2849,Milk,427,200
2850,Milk,200,442
2851,Milk,457,200
2852,Milk,480,200
2853,Milk,200,491
2854,Milk,493,200
2855,Milk,200,509
2856,Milk,511,200
2857,Milk,528,200
2858,Milk,259,242
2859,Milk,270,242
2860,Milk,242,271
2861,Milk,278,242
2862,Milk,242,300
2863,Milk,242,306
2864,Milk,313,242
2865,Milk,242,315
2866,Milk,242,326
2867,Milk,242,340
2868,Milk,342,242
2869,Milk,354,242
2870,Milk,242,356
2871,Milk,242,367
2872,Milk,242,382
2873,Milk,392,242
2874,Milk,242,427
2875,Milk,442,242
2876,Milk,457,242
2877,Milk,480,242
2878,Milk,242,491
2879,Milk,493,242
2880,Milk,509,242
2881,Milk,242,511
2882,Milk,528,242
2883,Milk,270,259
2884,Milk,271,259
2885,Milk,259,278
2886,Milk,259,300
2887,Milk,306,259
2888,Milk,259,313
2889,Milk,259,315
2890,Milk,326,259
2891,Milk,259,340
2892,Milk,259,342
2893,Milk,259,354
2894,Milk,356,259
2895,Milk,259,367
2896,Milk,259,382
2897,Milk,392,259
2898,Milk,427,259
2899,Milk,442,259
2900,Milk,457,259
2901,Milk,259,480
2902,Milk,491,259
2903,Milk,493,259
2904,Milk,259,509
2905,Milk,511,259
2906,Milk,259,528
2907,Milk,271,270
2908,Milk,278,270
2909,Milk,300,270
2910,Milk,306,270
2911,Milk,313,270
2912,Milk,270,315
2913,Milk,270,326
2914,Milk,340,270
2915,Milk,270,342
2916,Milk,270,354
2917,Milk,270,356
2918,Milk,367,270
2919,Milk,382,270
2920,Milk,392,270
2921,Milk,270,427
2922,Milk,270,442
2923,Milk,457,270
2924,Milk,480,270
2925,Milk,270,491
2926,Milk,270,493
2927,Milk,270,509
2928,Milk,270,511
2929,Milk,528,270
2930,Milk,271,278
2931,Milk,271,300
2932,Milk,306,271
2933,Milk,271,313
2934,Milk,271,315
2935,Milk,326,271
2936,Milk,271,340
2937,Milk,271,342
2938,Milk,271,354
2939,Milk,356,271
2940,Milk,367,271
2941,Milk,271,382
2942,Milk,392,271
2943,Milk,271,427
2944,Milk,271,442
2945,Milk,457,271
2946,Milk,271,480
2947,Milk,271,491
2948,Milk,493,271
2949,Milk,271,509
2950,Milk,271,511
2951,Milk,271,528
2952,Milk,278,300
2953,Milk,306,278
2954,Milk,278,313
2955,Milk,278,315
2956,Milk,278,326
2957,Milk,278,340
2958,Milk,342,278
2959,Milk,278,354
2960,Milk,356,278
2961,Milk,367,278
2962,Milk,382,278
2963,Milk,278,392
2964,Milk,278,427
2965,Milk,278,442
2966,Milk,278,457
2967,Milk,278,480
2968,Milk,278,491
2969,Milk,493,278
2970,Milk,509,278
2971,Milk,511,278
2972,Milk,278,528
2973,Milk,300,306
2974,Milk,313,300
2975,Milk,315,300
2976,Milk,300,326
2977,Milk,340,300
2978,Milk,300,342
2979,Milk,300,354
2980,Milk,356,300
2981,Milk,367,300
2982,Milk,300,382
2983,Milk,300,392
2984,Milk,300,427
2985,Milk,300,442
2986,Milk,457,300
2987,Milk,300,480
2988,Milk,300,491
2989,Milk,300,493
2990,Milk,509,300
2991,Milk,300,511
2992,Milk,300,528
2993,Milk,313,306
2994,Milk,315,306
2995,Milk,306,326
2996,Milk,340,306
2997,Milk,342,306
2998,Milk,354,306
2999,Milk,306,356
3000,Milk,306,367
3001,Milk,306,382
3002,Milk,392,306
3003,Milk,306,427
3004,Milk,306,442
3005,Milk,306,457
3006,Milk,306,480
3007,Milk,491,306
3008,Milk,306,493
3009,Milk,509,306
3010,Milk,306,511
3011,Milk,528,306
3012,Milk,315,313
3013,Milk,326,313
3014,Milk,313,340
3015,Milk,342,313
3016,Milk,313,354
3017,Milk,356,313
3018,Milk,367,313
3019,Milk,313,382
3020,Milk,392,313
3021,Milk,427,313
3022,Milk,313,442
3023,Milk,457,313
3024,Milk,480,313
3025,Milk,491,313
3026,Milk,313,493
3027,Milk,313,509
3028,Milk,313,511
3029,Milk,313,528
3030,Milk,326,315
3031,Milk,340,315
3032,Milk,315,342
3033,Milk,354,315
3034,Milk,356,315
3035,Milk,367,315
3036,Milk,382,315
3037,Milk,315,392
3038,Milk,427,315
3039,Milk,315,442
3040,Milk,457,315
3041,Milk,315,480
3042,Milk,491,315
3043,Milk,493,315
3044,Milk,315,509
3045,Milk,315,511
3046,Milk,528,315
3047,Milk,340,326
3048,Milk,342,326
3049,Milk,354,326
3050,Milk,356,326
3051,Milk,367,326
3052,Milk,382,326
3053,Milk,392,326
3054,Milk,326,427
3055,Milk,326,442
3056,Milk,326,457
3057,Milk,480,326
3058,Milk,491,326
3059,Milk,326,493
3060,Milk,509,326
3061,Milk,511,326
3062,Milk,326,528
3063,Milk,340,342
3064,Milk,340,354
3065,Milk,356,340
3066,Milk,367,340
3067,Milk,340,382
3068,Milk,392,340
3069,Milk,340,427
3070,Milk,340,442
3071,Milk,340,457
3072,Milk,480,340
3073,Milk,491,340
3074,Milk,340,493
3075,Milk,340,509
3076,Milk,340,511
3077,Milk,528,340
3078,Milk,354,342
3079,Milk,342,356
3080,Milk,342,367
3081,Milk,342,382
3082,Milk,392,342
3083,Milk,342,427
3084,Milk,342,442
3085,Milk,342,457
3086,Milk,480,342
3087,Milk,491,342
3088,Milk,342,493
3089,Milk,509,342
3090,Milk,511,342
3091,Milk,342,528
3092,Milk,356,354
3093,Milk,354,367
3094,Milk,382,354
3095,Milk,354,392
3096,Milk,354,427
3097,Milk,442,354
3098,Milk,457,354
3099,Milk,480,354
3100,Milk,491,354
3101,Milk,354,493
3102,Milk,354,509
3103,Milk,511,354
3104,Milk,528,354
3105,Milk,367,356
3106,Milk,356,382
3107,Milk,392,356
3108,Milk,356,427
3109,Milk,356,442
3110,Milk,356,457
3111,Milk,480,356
3112,Milk,356,491
3113,Milk,493,356
3114,Milk,509,356
3115,Milk,356,511
3116,Milk,356,528
3117,Milk,382,367
3118,Milk,392,367
3119,Milk,427,367
3120,Milk,442,367
3121,Milk,457,367
3122,Milk,480,367
3123,Milk,491,367
3124,Milk,367,493
3125,Milk,367,509
3126,Milk,367,511
3127,Milk,528,367
3128,Milk,382,392
3129,Milk,382,427
3130,Milk,382,442
3131,Milk,382,457
3132,Milk,382,480
3133,Milk,382,491
3134,Milk,493,382
3135,Milk,382,509
3136,Milk,382,511
3137,Milk,382,528
3138,Milk,392,427
3139,Milk,442,392
3140,Milk,457,392
3141,Milk,392,480
3142,Milk,392,491
3143,Milk,392,493
3144,Milk,509,392
3145,Milk,511,392
3146,Milk,392,528
3147,Milk,427,442
3148,Milk,427,457
3149,Milk,480,427
3150,Milk,427,491
3151,Milk,493,427
3152,Milk,427,509
3153,Milk,511,427
3154,Milk,528,427
3155,Milk,442,457
3156,Milk,442,480
3157,Milk,491,442
3158,Milk,442,493
3159,Milk,509,442
3160,Milk,511,442
3161,Milk,528,442
3162,Milk,480,457
3163,Milk,457,491
3164,Milk,493,457
3165,Milk,509,457
3166,Milk,457,511
3167,Milk,528,457
3168,Milk,480,491
3169,Milk,493,480
3170,Milk,480,509
3171,Milk,511,480
3172,Milk,528,480
3173,Milk,493,491
3174,Milk,509,491
3175,Milk,511,491
3176,Milk,491,528
3177,Milk,493,509
3178,Milk,493,511
3179,Milk,493,528
3180,Milk,511,509
3181,Milk,528,509
3182,Milk,528,511
3183,Mozzarella,127,108
3184,Mozzarella,108,140
3185,Mozzarella,108,162
3186,Mozzarella,164,108
3187,Mozzarella,235,108
3188,Mozzarella,108,238
3189,Mozzarella,108,256
3190,Mozzarella,262,108
3191,Mozzarella,108,330
3192,Mozzarella,108,360
3193,Mozzarella,400,108
3194,Mozzarella,426,108
3195,Mozzarella,108,471
3196,Mozzarella,108,489
3197,Mozzarella,108,504
3198,Mozzarella,520,108
3199,Mozzarella,524,108
3200,Mozzarella,108,555
3201,Mozzarella,127,140
3202,Mozzarella,162,127
3203,Mozzarella,127,164
3204,Mozzarella,127,235
3205,Mozzarella,127,238
3206,Mozzarella,127,256
3207,Mozzarella,127,262
3208,Mozzarella,330,127
3209,Mozzarella,127,360
3210,Mozzarella,400,127
3211,Mozzarella,127,426
3212,Mozzarella,471,127
3213,Mozzarella,127,489
3214,Mozzarella,504,127
3215,Mozzarella,520,127
3216,Mozzarella,524,127
3217,Mozzarella,555,127
3218,Mozzarella,140,162
3219,Mozzarella,140,164
3220,Mozzarella,140,235
3221,Mozzarella,238,140
3222,Mozzarella,256,140
3223,Mozzarella,262,140
3224,Mozzarella,330,140
3225,Mozzarella,140,360
3226,Mozzarella,400,140
3227,Mozzarella,426,140
3228,Mozzarella,471,140
3229,Mozzarella,489,140
3230,Mozzarella,140,504
3231,Mozzarella,140,520
3232,Mozzarella,524,140
3233,Mozzarella,555,140
3234,Mozzarella,164,162
3235,Mozzarella,235,162
3236,Mozzarella,238,162
3237,Mozzarella,162,256
3238,Mozzarella,162,262
3239,Mozzarella,162,330
3240,Mozzarella,360,162
3241,Mozzarella,400,162
3242,Mozzarella,162,426
3243,Mozzarella,162,471
3244,Mozzarella,162,489
3245,Mozzarella,504,162
3246,Mozzarella,162,520
3247,Mozzarella,524,162
3248,Mozzarella,162,555
3249,Mozzarella,164,235
3250,Mozzarella,164,238
3251,Mozzarella,256,164
3252,Mozzarella,164,262
3253,Mozzarella,330,164
3254,Mozzarella,360,164
3255,Mozzarella,400,164
3256,Mozzarella,164,426
3257,Mozzarella,471,164
3258,Mozzarella,489,164
3259,Mozzarella,164,504
3260,Mozzarella,520,164
3261,Mozzarella,164,524
3262,Mozzarella,555,164
3263,Mozzarella,238,235
3264,Mozzarella,235,256
3265,Mozzarella,262,235
3266,Mozzarella,330,235
3267,Mozzarella,235,360
3268,Mozzarella,235,400
3269,Mozzarella,235,426
3270,Mozzarella,471,235
3271,Mozzarella,489,235
3272,Mozzarella,235,504
3273,Mozzarella,235,520
3274,Mozzarella,235,524
3275,Mozzarella,235,555
3276,Mozzarella,238,256
3277,Mozzarella,262,238
3278,Mozzarella,330,238
3279,Mozzarella,238,360
3280,Mozzarella,400,238
3281,Mozzarella,426,238
3282,Mozzarella,238,471
3283,Mozzarella,238,489
3284,Mozzarella,504,238
3285,Mozzarella,520,238
3286,Mozzarella,524,238
3287,Mozzarella,238,555
3288,Mozzarella,256,262
3289,Mozzarella,330,256
3290,Mozzarella,360,256
3291,Mozzarella,256,400
3292,Mozzarella,426,256
3293,Mozzarella,256,471
3294,Mozzarella,256,489
3295,Mozzarella,504,256
3296,Mozzarella,256,520
3297,Mozzarella,524,256
3298,Mozzarella,555,256
3299,Mozzarella,262,330
3300,Mozzarella,360,262
3301,Mozzarella,262,400
3302,Mozzarella,262,426
3303,Mozzarella,471,262
3304,Mozzarella,489,262
3305,Mozzarella,504,262
3306,Mozzarella,520,262
3307,Mozzarella,524,262
3308,Mozzarella,555,262
3309,Mozzarella,360,330
3310,Mozzarella,330,400
3311,Mozzarella,330,426
3312,Mozzarella,330,471
3313,Mozzarella,489,330
3314,Mozzarella,504,330
3315,Mozzarella,330,520
3316,Mozzarella,524,330
3317,Mozzarella,555,330
3318,Mozzarella,360,400
3319,Mozzarella,360,426
3320,Mozzarella,360,471
3321,Mozzarella,489,360
3322,Mozzarella,360,504
3323,Mozzarella,360,520
3324,Mozzarella,360,524
3325,Mozzarella,360,555
3326,Mozzarella,400,426
3327,Mozzarella,400,471
3328,Mozzarella,489,400
3329,Mozzarella,400,504
3330,Mozzarella,400,520
3331,Mozzarella,400,524
3332,Mozzarella,555,400
3333,Mozzarella,471,426
3334,Mozzarella,426,489
3335,Mozzarella,426,504
3336,Mozzarella,426,520
3337,Mozzarella,426,524
3338,Mozzarella,426,555
3339,Mozzarella,471,489
3340,Mozzarella,471,504
3341,Mozzarella,471,520
3342,Mozzarella,471,524
3343,Mozzarella,555,471
3344,Mozzarella,504,489
3345,Mozzarella,489,520
3346,Mozzarella,524,489
3347,Mozzarella,555,489
3348,Mozzarella,520,504
3349,Mozzarella,524,504
3350,Mozzarella,555,504
3351,Mozzarella,524,520
3352,Mozzarella,520,555
3353,Mozzarella,524,555
3354,Nuggets,261,143
3355,Nuggets,301,143
3356,Nuggets,143,307
3357,Nuggets,312,143
3358,Nuggets,143,316
3359,Nuggets,143,317
3360,Nuggets,143,336
3361,Nuggets,351,143
3362,Nuggets,143,359
3363,Nuggets,369,143
3364,Nuggets,143,379
3365,Nuggets,143,395
3366,Nuggets,403,143
3367,Nuggets,409,143
3368,Nuggets,437,143
3369,Nuggets,143,450
3370,Nuggets,497,143
3371,Nuggets,143,518
3372,Nuggets,519,143
3373,Nuggets,143,546
3374,Nuggets,261,301
3375,Nuggets,261,307
3376,Nuggets,261,312
3377,Nuggets,316,261
3378,Nuggets,317,261
3379,Nuggets,261,336
3380,Nuggets,351,261
3381,Nuggets,359,261
3382,Nuggets,369,261
3383,Nuggets,379,261
3384,Nuggets,395,261
3385,Nuggets,261,403
3386,Nuggets,409,261
3387,Nuggets,261,437
3388,Nuggets,450,261
3389,Nuggets,261,497
3390,Nuggets,518,261
3391,Nuggets,261,519
3392,Nuggets,261,546
3393,Nuggets,307,301
3394,Nuggets,301,312
3395,Nuggets,301,316
3396,Nuggets,301,317
3397,Nuggets,301,336
3398,Nuggets,351,301
3399,Nuggets,301,359
3400,Nuggets,369,301
3401,Nuggets,379,301
3402,Nuggets,301,395
3403,Nuggets,403,301
3404,Nuggets,301,409
3405,Nuggets,301,437
3406,Nuggets,301,450
3407,Nuggets,301,497
3408,Nuggets,518,301
3409,Nuggets,519,301
3410,Nuggets,546,301
3411,Nuggets,312,307
3412,Nuggets,316,307
3413,Nuggets,317,307
3414,Nuggets,307,336
3415,Nuggets,307,351
3416,Nuggets,359,307
3417,Nuggets,307,369
3418,Nuggets,379,307
3419,Nuggets,395,307
3420,Nuggets,307,403
3421,Nuggets,307,409
3422,Nuggets,307,437
3423,Nuggets,450,307
3424,Nuggets,307,497
3425,Nuggets,307,518
3426,Nuggets,307,519
3427,Nuggets,307,546
3428,Nuggets,312,316
3429,Nuggets,312,317
3430,Nuggets,312,336
3431,Nuggets,312,351
3432,Nuggets,312,359
3433,Nuggets,369,312
3434,Nuggets,312,379
3435,Nuggets,395,312
3436,Nuggets,403,312
3437,Nuggets,312,409
3438,Nuggets,312,437
3439,Nuggets,312,450
3440,Nuggets,497,312
3441,Nuggets,312,518
3442,Nuggets,519,312
3443,Nuggets,312,546
3444,Nuggets,316,317
3445,Nuggets,316,336
3446,Nuggets,316,351
3447,Nuggets,316,359
3448,Nuggets,316,369
3449,Nuggets,379,316
3450,Nuggets,395,316
3451,Nuggets,316,403
3452,Nuggets,316,409
3453,Nuggets,437,316
3454,Nuggets,316,450
3455,Nuggets,497,316
3456,Nuggets,316,518
3457,Nuggets,316,519
3458,Nuggets,316,546
3459,Nuggets,317,336
3460,Nuggets,351,317
3461,Nuggets,359,317
3462,Nuggets,317,369
3463,Nuggets,317,379
3464,Nuggets,395,317
3465,Nuggets,317,403
3466,Nuggets,409,317
3467,Nuggets,317,437
3468,Nuggets,317,450
3469,Nuggets,497,317
3470,Nuggets,518,317
3471,Nuggets,317,519
3472,Nuggets,317,546
3473,Nuggets,336,351
3474,Nuggets,336,359
3475,Nuggets,336,369
3476,Nuggets,336,379
3477,Nuggets,336,395
3478,Nuggets,403,336
3479,Nuggets,409,336
3480,Nuggets,437,336
3481,Nuggets,336,450
3482,Nuggets,497,336
3483,Nuggets,336,518
3484,Nuggets,336,519
3485,Nuggets,336,546
3486,Nuggets,359,351
3487,Nuggets,369,351
3488,Nuggets,379,351
3489,Nuggets,395,351
3490,Nuggets,403,351
3491,Nuggets,351,409
3492,Nuggets,351,437
3493,Nuggets,351,450
3494,Nuggets,351,497
3495,Nuggets,518,351
3496,Nuggets,351,519
3497,Nuggets,351,546
3498,Nuggets,369,359
3499,Nuggets,359,379
3500,Nuggets,395,359
3501,Nuggets,359,403
3502,Nuggets,359,409
3503,Nuggets,437,359
3504,Nuggets,359,450
3505,Nuggets,359,497
3506,Nuggets,359,518
3507,Nuggets,519,359
3508,Nuggets,359,546
3509,Nuggets,379,369
3510,Nuggets,395,369
3511,Nuggets,403,369
3512,Nuggets,369,409
3513,Nuggets,369,437
3514,Nuggets,369,450
3515,Nuggets,369,497
3516,Nuggets,518,369
3517,Nuggets,519,369
3518,Nuggets,546,369
3519,Nuggets,395,379
3520,Nuggets,403,379
3521,Nuggets,409,379
3522,Nuggets,437,379
3523,Nuggets,450,379
3524,Nuggets,497,379
3525,Nuggets,518,379
3526,Nuggets,379,519
3527,Nuggets,379,546
3528,Nuggets,395,403
3529,Nuggets,409,395
3530,Nuggets,437,395
3531,Nuggets,395,450
3532,Nuggets,497,395
3533,Nuggets,518,395
3534,Nuggets,519,395
3535,Nuggets,546,395
3536,Nuggets,409,403
3537,Nuggets,437,403
3538,Nuggets,403,450
3539,Nuggets,497,403
3540,Nuggets,518,403
3541,Nuggets,403,519
3542,Nuggets,546,403
3543,Nuggets,437,409
3544,Nuggets,409,450
3545,Nuggets,497,409
3546,Nuggets,518,409
3547,Nuggets,519,409
3548,Nuggets,546,409
3549,Nuggets,437,450
3550,Nuggets,437,497
3551,Nuggets,518,437
3552,Nuggets,437,519
3553,Nuggets,437,546
3554,Nuggets,497,450
3555,Nuggets,450,518
3556,Nuggets,519,450
3557,Nuggets,546,450
3558,Nuggets,518,497
3559,Nuggets,519,497
3560,Nuggets,546,497
3561,Nuggets,518,519
3562,Nuggets,546,518
3563,Nuggets,546,519
3564,Pulled_Pork,134,101
3565,Pulled_Pork,101,149
3566,Pulled_Pork,101,152
3567,Pulled_Pork,101,153
3568,Pulled_Pork,101,180
3569,Pulled_Pork,101,191
3570,Pulled_Pork,305,101
3571,Pulled_Pork,101,363
3572,Pulled_Pork,101,439
3573,Pulled_Pork,101,466
3574,Pulled_Pork,101,532
3575,Pulled_Pork,541,101
3576,Pulled_Pork,149,134
3577,Pulled_Pork,152,134
3578,Pulled_Pork,134,153
3579,Pulled_Pork,180,134
3580,Pulled_Pork,191,134
3581,Pulled_Pork,134,305
3582,Pulled_Pork,363,134
3583,Pulled_Pork,134,439
3584,Pulled_Pork,466,134
3585,Pulled_Pork,532,134
3586,Pulled_Pork,541,134
3587,Pulled_Pork,149,152
3588,Pulled_Pork,153,149
3589,Pulled_Pork,180,149
3590,Pulled_Pork,149,191
3591,Pulled_Pork,305,149
3592,Pulled_Pork,149,363
3593,Pulled_Pork,149,439
3594,Pulled_Pork,466,149
3595,Pulled_Pork,149,532
3596,Pulled_Pork,541,149
3597,Pulled_Pork,152,153
3598,Pulled_Pork,180,152
3599,Pulled_Pork,152,191
3600,Pulled_Pork,305,152
3601,Pulled_Pork,152,363
3602,Pulled_Pork,439,152
3603,Pulled_Pork,466,152
3604,Pulled_Pork,532,152
3605,Pulled_Pork,541,152
3606,Pulled_Pork,153,180
3607,Pulled_Pork,191,153
3608,Pulled_Pork,153,305
3609,Pulled_Pork,153,363
3610,Pulled_Pork,153,439
3611,Pulled_Pork,466,153
3612,Pulled_Pork,532,153
3613,Pulled_Pork,153,541
3614,Pulled_Pork,191,180
3615,Pulled_Pork,305,180
3616,Pulled_Pork,180,363
3617,Pulled_Pork,180,439
3618,Pulled_Pork,180,466
3619,Pulled_Pork,532,180
3620,Pulled_Pork,180,541
3621,Pulled_Pork,305,191
3622,Pulled_Pork,363,191
3623,Pulled_Pork,191,439
3624,Pulled_Pork,466,191
3625,Pulled_Pork,532,191
3626,Pulled_Pork,541,191
3627,Pulled_Pork,305,363
3628,Pulled_Pork,305,439
3629,Pulled_Pork,305,466
3630,Pulled_Pork,305,532
3631,Pulled_Pork,541,305
3632,Pulled_Pork,439,363
3633,Pulled_Pork,466,363
3634,Pulled_Pork,532,363
3635,Pulled_Pork,541,363
3636,Pulled_Pork,439,466
3637,Pulled_Pork,532,439
3638,Pulled_Pork,541,439
3639,Pulled_Pork,532,466
3640,Pulled_Pork,541,466
3641,Pulled_Pork,532,541
3642,Sour_Cream,188,113
3643,Sour_Cream,266,113
3644,Sour_Cream,113,341
3645,Sour_Cream,364,113
3646,Sour_Cream,373,113
3647,Sour_Cream,415,113
3648,Sour_Cream,113,445
3649,Sour_Cream,113,487
3650,Sour_Cream,188,266
3651,Sour_Cream,341,188
3652,Sour_Cream,188,364
3653,Sour_Cream,373,188
3654,Sour_Cream,415,188
3655,Sour_Cream,445,188
3656,Sour_Cream,487,188
3657,Sour_Cream,266,341
3658,Sour_Cream,266,364
3659,Sour_Cream,266,373
3660,Sour_Cream,266,415
3661,Sour_Cream,266,445
3662,Sour_Cream,487,266
3663,Sour_Cream,364,341
3664,Sour_Cream,341,373
3665,Sour_Cream,415,341
3666,Sour_Cream,341,445
3667,Sour_Cream,487,341
3668,Sour_Cream,373,364
3669,Sour_Cream,415,364
3670,Sour_Cream,445,364
3671,Sour_Cream,487,364
3672,Sour_Cream,373,415
3673,Sour_Cream,445,373
3674,Sour_Cream,373,487
3675,Sour_Cream,445,415
3676,Sour_Cream,487,415
3677,Sour_Cream,487,445
3678,Steak,121,148
3679,Steak,150,121
3680,Steak,121,154
3681,Steak,158,121
3682,Steak,121,269
3683,Steak,274,121
3684,Steak,121,287
3685,Steak,121,289
3686,Steak,121,335
3687,Steak,343,121
3688,Steak,352,121
3689,Steak,406,121
3690,Steak,121,419
3691,Steak,121,444
3692,Steak,121,463
3693,Steak,539,121
3694,Steak,549,121
3695,Steak,553,121
3696,Steak,148,150
3697,Steak,148,154
3698,Steak,148,158
3699,Steak,269,148
3700,Steak,148,274
3701,Steak,148,287
3702,Steak,289,148
3703,Steak,148,335
3704,Steak,148,343
3705,Steak,148,352
3706,Steak,148,406
3707,Steak,419,148
3708,Steak,444,148
3709,Steak,148,463
3710,Steak,539,148
3711,Steak,148,549
3712,Steak,148,553
3713,Steak,150,154
3714,Steak,150,158
3715,Steak,269,150
3716,Steak,274,150
3717,Steak,287,150
3718,Steak,289,150
3719,Steak,335,150
3720,Steak,343,150
3721,Steak,150,352
3722,Steak,150,406
3723,Steak,419,150
3724,Steak,444,150
3725,Steak,150,463
3726,Steak,539,150
3727,Steak,549,150
3728,Steak,553,150
3729,Steak,154,158
3730,Steak,269,154
3731,Steak,154,274
3732,Steak,287,154
3733,Steak,154,289
3734,Steak,335,154
3735,Steak,343,154
3736,Steak,154,352
3737,Steak,154,406
3738,Steak,154,419
3739,Steak,154,444
3740,Steak,154,463
3741,Steak,154,539
3742,Steak,154,549
3743,Steak,553,154
3744,Steak,269,158
3745,Steak,274,158
3746,Steak,158,287
3747,Steak,289,158
3748,Steak,335,158
3749,Steak,158,343
3750,Steak,158,352
3751,Steak,158,406
3752,Steak,419,158
3753,Steak,158,444
3754,Steak,463,158
3755,Steak,539,158
3756,Steak,549,158
3757,Steak,553,158
3758,Steak,274,269
3759,Steak,269,287
3760,Steak,289,269
3761,Steak,269,335
3762,Steak,269,343
3763,Steak,352,269
3764,Steak,406,269
3765,Steak,419,269
3766,Steak,269,444
3767,Steak,463,269
3768,Steak,539,269
3769,Steak,549,269
3770,Steak,269,553
3771,Steak,274,287
3772,Steak,289,274
3773,Steak,274,335
3774,Steak,274,343
3775,Steak,274,352
3776,Steak,274,406
3777,Steak,274,419
3778,Steak,274,444
3779,Steak,274,463
3780,Steak,539,274
3781,Steak,549,274
3782,Steak,553,274
3783,Steak,287,289
3784,Steak,287,335
3785,Steak,343,287
3786,Steak,287,352
3787,Steak,406,287
3788,Steak,419,287
3789,Steak,287,444
3790,Steak,463,287
3791,Steak,539,287
3792,Steak,287,549
3793,Steak,287,553
3794,Steak,335,289
3795,Steak,289,343
3796,Steak,289,352
3797,Steak,406,289
3798,Steak,419,289
3799,Steak,289,444
3800,Steak,463,289
3801,Steak,289,539
3802,Steak,289,549
3803,Steak,289,553
3804,Steak,343,335
3805,Steak,335,352
3806,Steak,406,335
3807,Steak,419,335
3808,Steak,444,335
3809,Steak,463,335
3810,Steak,335,539
3811,Steak,549,335
3812,Steak,553,335
3813,Steak,343,352
3814,Steak,406,343
3815,Steak,343,419
3816,Steak,444,343
3817,Steak,343,463
3818,Steak,343,539
3819,Steak,549,343
3820,Steak,553,343
3821,Steak,406,352
3822,Steak,352,419
3823,Steak,444,352
3824,Steak,463,352
3825,Steak,539,352
3826,Steak,549,352
3827,Steak,553,352
3828,Steak,406,419
3829,Steak,444,406
3830,Steak,463,406
3831,Steak,406,539
3832,Steak,406,549
3833,Steak,553,406
3834,Steak,444,419
3835,Steak,463,419
3836,Steak,419,539
3837,Steak,549,419
3838,Steak,419,553
3839,Steak,444,463
3840,Steak,444,539
3841,Steak,549,444
3842,Steak,553,444
3843,Steak,539,463
3844,Steak,549,463
3845,Steak,463,553
3846,Steak,539,549
3847,Steak,539,553
3848,Steak,549,553
3849,Unbreaded_Chicken_Breast,249,230
3850,Unbreaded_Chicken_Breast,251,230
3851,Unbreaded_Chicken_Breast,260,230
3852,Unbreaded_Chicken_Breast,230,291
3853,Unbreaded_Chicken_Breast,230,357
3854,Unbreaded_Chicken_Breast,230,376
3855,Unbreaded_Chicken_Breast,408,230
3856,Unbreaded_Chicken_Breast,413,230
3857,Unbreaded_Chicken_Breast,230,443
3858,Unbreaded_Chicken_Breast,485,230
3859,Unbreaded_Chicken_Breast,230,513
3860,Unbreaded_Chicken_Breast,249,251
3861,Unbreaded_Chicken_Breast,249,260
3862,Unbreaded_Chicken_Breast,291,249
3863,Unbreaded_Chicken_Breast,357,249
3864,Unbreaded_Chicken_Breast,376,249
3865,Unbreaded_Chicken_Breast,408,249
3866,Unbreaded_Chicken_Breast,413,249
3867,Unbreaded_Chicken_Breast,249,443
3868,Unbreaded_Chicken_Breast,249,485
3869,Unbreaded_Chicken_Breast,513,249
3870,Unbreaded_Chicken_Breast,260,251
3871,Unbreaded_Chicken_Breast,291,251
3872,Unbreaded_Chicken_Breast,357,251
3873,Unbreaded_Chicken_Breast,251,376
3874,Unbreaded_Chicken_Breast,408,251
3875,Unbreaded_Chicken_Breast,413,251
3876,Unbreaded_Chicken_Breast,443,251
3877,Unbreaded_Chicken_Breast,251,485
3878,Unbreaded_Chicken_Breast,251,513
3879,Unbreaded_Chicken_Breast,291,260
3880,Unbreaded_Chicken_Breast,260,357
3881,Unbreaded_Chicken_Breast,260,376
3882,Unbreaded_Chicken_Breast,260,408
3883,Unbreaded_Chicken_Breast,413,260
3884,Unbreaded_Chicken_Breast,260,443
3885,Unbreaded_Chicken_Breast,260,485
3886,Unbreaded_Chicken_Breast,260,513
3887,Unbreaded_Chicken_Breast,291,357
3888,Unbreaded_Chicken_Breast,291,376
3889,Unbreaded_Chicken_Breast,408,291
3890,Unbreaded_Chicken_Breast,291,413
3891,Unbreaded_Chicken_Breast,291,443
3892,Unbreaded_Chicken_Breast,291,485
3893,Unbreaded_Chicken_Breast,513,291
3894,Unbreaded_Chicken_Breast,357,376
3895,Unbreaded_Chicken_Breast,357,408
3896,Unbreaded_Chicken_Breast,413,357
3897,Unbreaded_Chicken_Breast,357,443
3898,Unbreaded_Chicken_Breast,357,485
3899,Unbreaded_Chicken_Breast,357,513
3900,Unbreaded_Chicken_Breast,408,376
3901,Unbreaded_Chicken_Breast,413,376
3902,Unbreaded_Chicken_Breast,376,443
3903,Unbreaded_Chicken_Breast,485,376
3904,Unbreaded_Chicken_Breast,376,513
3905,Unbreaded_Chicken_Breast,413,408
3906,Unbreaded_Chicken_Breast,408,443
3907,Unbreaded_Chicken_Breast,485,408
3908,Unbreaded_Chicken_Breast,408,513
3909,Unbreaded_Chicken_Breast,443,413
3910,Unbreaded_Chicken_Breast,485,413
3911,Unbreaded_Chicken_Breast,513,413
3912,Unbreaded_Chicken_Breast,485,443
3913,Unbreaded_Chicken_Breast,443,513
3914,Unbreaded_Chicken_Breast,485,513
3915,Yogurt,171,120
3916,Yogurt,120,187
3917,Yogurt,199,120
3918,Yogurt,120,206
3919,Yogurt,120,221
3920,Yogurt,120,288
3921,Yogurt,370,120
3922,Yogurt,120,430
3923,Yogurt,448,120
3924,Yogurt,120,459
3925,Yogurt,472,120
3926,Yogurt,120,535
3927,Yogurt,120,556
3928,Yogurt,171,187
3929,Yogurt,199,171
3930,Yogurt,171,206
3931,Yogurt,221,171
3932,Yogurt,171,288
3933,Yogurt,370,171
3934,Yogurt,430,171
3935,Yogurt,171,448
3936,Yogurt,459,171
3937,Yogurt,472,171
3938,Yogurt,535,171
3939,Yogurt,556,171
3940,Yogurt,187,199
3941,Yogurt,187,206
3942,Yogurt,221,187
3943,Yogurt,288,187
3944,Yogurt,370,187
3945,Yogurt,430,187
3946,Yogurt,187,448
3947,Yogurt,187,459
3948,Yogurt,472,187
3949,Yogurt,535,187
3950,Yogurt,556,187
3951,Yogurt,199,206
3952,Yogurt,199,221
3953,Yogurt,288,199
3954,Yogurt,370,199
3955,Yogurt,199,430
3956,Yogurt,199,448
3957,Yogurt,459,199
3958,Yogurt,472,199
3959,Yogurt,535,199
3960,Yogurt,199,556
3961,Yogurt,221,206
3962,Yogurt,288,206
3963,Yogurt,206,370
3964,Yogurt,430,206
3965,Yogurt,206,448
3966,Yogurt,459,206
3967,Yogurt,472,206
3968,Yogurt,206,535
3969,Yogurt,556,206
3970,Yogurt,221,288
3971,Yogurt,221,370
3972,Yogurt,430,221
3973,Yogurt,221,448
3974,Yogurt,459,221
3975,Yogurt,221,472
3976,Yogurt,535,221
3977,Yogurt,221,556
3978,Yogurt,370,288
3979,Yogurt,430,288
3980,Yogurt,288,448
3981,Yogurt,288,459
3982,Yogurt,472,288
3983,Yogurt,535,288
3984,Yogurt,288,556
3985,Yogurt,370,430
3986,Yogurt,448,370
3987,Yogurt,459,370
3988,Yogurt,472,370
3989,Yogurt,370,535
3990,Yogurt,556,370
3991,Yogurt,448,430
3992,Yogurt,430,459
3993,Yogurt,472,430
3994,Yogurt,535,430
3995,Yogurt,556,430
3996,Yogurt,459,448
3997,Yogurt,472,448
3998,Yogurt,448,535
3999,Yogurt,556,448
4000,Yogurt,459,472
4001,Yogurt,459,535
4002,Yogurt,459,556
4003,Yogurt,535,472
4004,Yogurt,556,472
4005,Yogurt,556,535
